{
"meta":{"test_sets":[],"test_metrics":[],"learn_metrics":[{"best_value":"Min","name":"RMSE"}],"launch_mode":"Train","parameters":"","iteration_count":1000,"learn_sets":["learn"],"name":"experiment"},
"iterations":[
{"learn":[320.9676507],"iteration":0,"passed_time":0.006465450047,"remaining_time":6.458984597},
{"learn":[317.1526195],"iteration":1,"passed_time":0.01149737247,"remaining_time":5.737188864},
{"learn":[313.1861347],"iteration":2,"passed_time":0.01585283749,"remaining_time":5.268426327},
{"learn":[309.0069029],"iteration":3,"passed_time":0.0209141529,"remaining_time":5.207624073},
{"learn":[305.3078576],"iteration":4,"passed_time":0.02541438946,"remaining_time":5.057463503},
{"learn":[301.3401749],"iteration":5,"passed_time":0.02973587739,"remaining_time":4.926243688},
{"learn":[297.6146843],"iteration":6,"passed_time":0.03429398484,"remaining_time":4.864846707},
{"learn":[294.1381112],"iteration":7,"passed_time":0.03892459178,"remaining_time":4.826649381},
{"learn":[290.5178198],"iteration":8,"passed_time":0.0437971843,"remaining_time":4.822556627},
{"learn":[287.3950007],"iteration":9,"passed_time":0.04769429909,"remaining_time":4.72173561},
{"learn":[285.2642367],"iteration":10,"passed_time":0.0528913068,"remaining_time":4.755409312},
{"learn":[282.2477091],"iteration":11,"passed_time":0.05704664319,"remaining_time":4.696840289},
{"learn":[279.9146232],"iteration":12,"passed_time":0.06110075804,"remaining_time":4.638957552},
{"learn":[276.8595054],"iteration":13,"passed_time":0.06591486427,"remaining_time":4.642289726},
{"learn":[274.1297042],"iteration":14,"passed_time":0.07081096529,"remaining_time":4.649920054},
{"learn":[272.2894237],"iteration":15,"passed_time":0.07477729518,"remaining_time":4.598803653},
{"learn":[269.2916419],"iteration":16,"passed_time":0.07856729725,"remaining_time":4.543038423},
{"learn":[266.6148152],"iteration":17,"passed_time":0.08296459515,"remaining_time":4.52617958},
{"learn":[263.4718633],"iteration":18,"passed_time":0.08792353713,"remaining_time":4.539631049},
{"learn":[261.1037365],"iteration":19,"passed_time":0.09230897977,"remaining_time":4.523140009},
{"learn":[258.9511252],"iteration":20,"passed_time":0.09645399808,"remaining_time":4.49659353},
{"learn":[256.8739121],"iteration":21,"passed_time":0.1012391314,"remaining_time":4.500539569},
{"learn":[254.8716902],"iteration":22,"passed_time":0.1050919925,"remaining_time":4.464125073},
{"learn":[252.5397799],"iteration":23,"passed_time":0.109551227,"remaining_time":4.45508323},
{"learn":[250.4889146],"iteration":24,"passed_time":0.1150338967,"remaining_time":4.486321971},
{"learn":[248.4132206],"iteration":25,"passed_time":0.1187753225,"remaining_time":4.449506313},
{"learn":[245.4707193],"iteration":26,"passed_time":0.123080559,"remaining_time":4.435458665},
{"learn":[243.8538893],"iteration":27,"passed_time":0.1275669777,"remaining_time":4.428396513},
{"learn":[241.7892389],"iteration":28,"passed_time":0.1313855748,"remaining_time":4.399151487},
{"learn":[240.256759],"iteration":29,"passed_time":0.1352986393,"remaining_time":4.374656003},
{"learn":[237.9289805],"iteration":30,"passed_time":0.1393821906,"remaining_time":4.356817506},
{"learn":[236.2961213],"iteration":31,"passed_time":0.1439614767,"remaining_time":4.35483467},
{"learn":[234.6823243],"iteration":32,"passed_time":0.1481371014,"remaining_time":4.340865972},
{"learn":[233.3456617],"iteration":33,"passed_time":0.1522092925,"remaining_time":4.324534603},
{"learn":[232.2758508],"iteration":34,"passed_time":0.1570448215,"remaining_time":4.329950079},
{"learn":[230.8423438],"iteration":35,"passed_time":0.1629389342,"remaining_time":4.36314257},
{"learn":[229.2553715],"iteration":36,"passed_time":0.1670212399,"remaining_time":4.347066326},
{"learn":[226.9725604],"iteration":37,"passed_time":0.1708682988,"remaining_time":4.325665881},
{"learn":[225.1465112],"iteration":38,"passed_time":0.1759630916,"remaining_time":4.335911053},
{"learn":[224.2884908],"iteration":39,"passed_time":0.1809880245,"remaining_time":4.343712589},
{"learn":[222.8139179],"iteration":40,"passed_time":0.184959471,"remaining_time":4.326247138},
{"learn":[220.7917236],"iteration":41,"passed_time":0.1894945515,"remaining_time":4.322280485},
{"learn":[219.2563626],"iteration":42,"passed_time":0.1935592694,"remaining_time":4.307819089},
{"learn":[217.5906262],"iteration":43,"passed_time":0.1985292131,"remaining_time":4.313498358},
{"learn":[216.470919],"iteration":44,"passed_time":0.2027339378,"remaining_time":4.302464681},
{"learn":[215.7577951],"iteration":45,"passed_time":0.2078834155,"remaining_time":4.311321269},
{"learn":[214.6697008],"iteration":46,"passed_time":0.2142030592,"remaining_time":4.343308838},
{"learn":[213.6463269],"iteration":47,"passed_time":0.2180136332,"remaining_time":4.323937058},
{"learn":[212.8329841],"iteration":48,"passed_time":0.2218846574,"remaining_time":4.306373658},
{"learn":[211.9560713],"iteration":49,"passed_time":0.2264085122,"remaining_time":4.301761732},
{"learn":[210.4407518],"iteration":50,"passed_time":0.2302258283,"remaining_time":4.284006099},
{"learn":[209.096527],"iteration":51,"passed_time":0.2342684136,"remaining_time":4.270893387},
{"learn":[208.3080599],"iteration":52,"passed_time":0.2386551152,"remaining_time":4.264271586},
{"learn":[207.2630077],"iteration":53,"passed_time":0.244453775,"remaining_time":4.282467985},
{"learn":[205.9841341],"iteration":54,"passed_time":0.2487614297,"remaining_time":4.274173656},
{"learn":[204.8187825],"iteration":55,"passed_time":0.2531300952,"remaining_time":4.267050176},
{"learn":[203.8361974],"iteration":56,"passed_time":0.2574662753,"remaining_time":4.259485922},
{"learn":[202.5510136],"iteration":57,"passed_time":0.2621343985,"remaining_time":4.257424197},
{"learn":[201.3243129],"iteration":58,"passed_time":0.2670391795,"remaining_time":4.259048608},
{"learn":[200.7476872],"iteration":59,"passed_time":0.2721001096,"remaining_time":4.262901717},
{"learn":[199.8187183],"iteration":60,"passed_time":0.2772400591,"remaining_time":4.267678943},
{"learn":[199.0222646],"iteration":61,"passed_time":0.2833068031,"remaining_time":4.286157764},
{"learn":[197.9755623],"iteration":62,"passed_time":0.2887652319,"remaining_time":4.294809877},
{"learn":[197.5176919],"iteration":63,"passed_time":0.2930814775,"remaining_time":4.286316608},
{"learn":[196.7164121],"iteration":64,"passed_time":0.2971315233,"remaining_time":4.274122681},
{"learn":[195.8432338],"iteration":65,"passed_time":0.3030579762,"remaining_time":4.288729542},
{"learn":[195.0303964],"iteration":66,"passed_time":0.3096786971,"remaining_time":4.31239141},
{"learn":[194.0871329],"iteration":67,"passed_time":0.3143138153,"remaining_time":4.307948174},
{"learn":[193.4228435],"iteration":68,"passed_time":0.3185778805,"remaining_time":4.298492851},
{"learn":[192.5095234],"iteration":69,"passed_time":0.3235135046,"remaining_time":4.29810799},
{"learn":[191.6885986],"iteration":70,"passed_time":0.3282775081,"remaining_time":4.295349367},
{"learn":[190.982217],"iteration":71,"passed_time":0.3326046551,"remaining_time":4.286904444},
{"learn":[190.3285979],"iteration":72,"passed_time":0.3365531235,"remaining_time":4.273763637},
{"learn":[189.6741084],"iteration":73,"passed_time":0.3405394273,"remaining_time":4.261344726},
{"learn":[188.8069663],"iteration":74,"passed_time":0.3441489549,"remaining_time":4.244503778},
{"learn":[187.9322961],"iteration":75,"passed_time":0.3491710376,"remaining_time":4.24518472},
{"learn":[187.1789382],"iteration":76,"passed_time":0.3566937227,"remaining_time":4.275692286},
{"learn":[186.2287691],"iteration":77,"passed_time":0.3602970628,"remaining_time":4.25889605},
{"learn":[185.204491],"iteration":78,"passed_time":0.3641446093,"remaining_time":4.245280825},
{"learn":[184.5458458],"iteration":79,"passed_time":0.3680553447,"remaining_time":4.232636464},
{"learn":[184.0464513],"iteration":80,"passed_time":0.3713424525,"remaining_time":4.21313227},
{"learn":[183.6136949],"iteration":81,"passed_time":0.3743674811,"remaining_time":4.191089605},
{"learn":[183.1004492],"iteration":82,"passed_time":0.3777506785,"remaining_time":4.173462315},
{"learn":[182.3248768],"iteration":83,"passed_time":0.3808339111,"remaining_time":4.152903126},
{"learn":[181.5187235],"iteration":84,"passed_time":0.3839820422,"remaining_time":4.133453749},
{"learn":[181.0529447],"iteration":85,"passed_time":0.3883777354,"remaining_time":4.127642443},
{"learn":[180.198879],"iteration":86,"passed_time":0.3915753833,"remaining_time":4.109291091},
{"learn":[179.4481735],"iteration":87,"passed_time":0.3944713987,"remaining_time":4.088158132},
{"learn":[178.7535517],"iteration":88,"passed_time":0.3977944717,"remaining_time":4.071806334},
{"learn":[178.2367654],"iteration":89,"passed_time":0.4011272486,"remaining_time":4.055842181},
{"learn":[177.9189377],"iteration":90,"passed_time":0.4047354832,"remaining_time":4.04290719},
{"learn":[177.4119646],"iteration":91,"passed_time":0.4078200563,"remaining_time":4.025006643},
{"learn":[176.8744541],"iteration":92,"passed_time":0.4108223303,"remaining_time":4.006622081},
{"learn":[176.3360352],"iteration":93,"passed_time":0.4140406893,"remaining_time":3.990647494},
{"learn":[175.718095],"iteration":94,"passed_time":0.4195767307,"remaining_time":3.997020435},
{"learn":[174.9862011],"iteration":95,"passed_time":0.423015902,"remaining_time":3.983399744},
{"learn":[174.5063506],"iteration":96,"passed_time":0.4261399333,"remaining_time":3.967055255},
{"learn":[173.922523],"iteration":97,"passed_time":0.4293313502,"remaining_time":3.951600795},
{"learn":[173.5646792],"iteration":98,"passed_time":0.4322917545,"remaining_time":3.934291624},
{"learn":[173.1585265],"iteration":99,"passed_time":0.4357824747,"remaining_time":3.922042272},
{"learn":[172.3550108],"iteration":100,"passed_time":0.4390736328,"remaining_time":3.908190058},
{"learn":[171.855164],"iteration":101,"passed_time":0.4427917715,"remaining_time":3.898304028},
{"learn":[171.4681695],"iteration":102,"passed_time":0.4466539895,"remaining_time":3.88979251},
{"learn":[171.1413861],"iteration":103,"passed_time":0.4502354312,"remaining_time":3.878951407},
{"learn":[170.8870621],"iteration":104,"passed_time":0.4537800389,"remaining_time":3.867934617},
{"learn":[170.1739818],"iteration":105,"passed_time":0.4570043178,"remaining_time":3.854357171},
{"learn":[169.9040706],"iteration":106,"passed_time":0.4605737845,"remaining_time":3.843854108},
{"learn":[169.2363692],"iteration":107,"passed_time":0.4643558043,"remaining_time":3.835234977},
{"learn":[168.7923191],"iteration":108,"passed_time":0.4678778527,"remaining_time":3.824579512},
{"learn":[168.3105512],"iteration":109,"passed_time":0.4712305568,"remaining_time":3.812683596},
{"learn":[167.8910459],"iteration":110,"passed_time":0.4742556543,"remaining_time":3.798317807},
{"learn":[167.5181948],"iteration":111,"passed_time":0.4774972408,"remaining_time":3.785870981},
{"learn":[167.0640044],"iteration":112,"passed_time":0.4812859204,"remaining_time":3.777881517},
{"learn":[166.6374337],"iteration":113,"passed_time":0.4843526206,"remaining_time":3.764354578},
{"learn":[166.1222435],"iteration":114,"passed_time":0.4874989383,"remaining_time":3.751622265},
{"learn":[165.776206],"iteration":115,"passed_time":0.4910617326,"remaining_time":3.742229066},
{"learn":[165.1652464],"iteration":116,"passed_time":0.4944176334,"remaining_time":3.731374105},
{"learn":[164.6746208],"iteration":117,"passed_time":0.4977573083,"remaining_time":3.720524965},
{"learn":[164.1804796],"iteration":118,"passed_time":0.5013983534,"remaining_time":3.712033188},
{"learn":[163.7040339],"iteration":119,"passed_time":0.5048869986,"remaining_time":3.702504656},
{"learn":[163.1471935],"iteration":120,"passed_time":0.5086047875,"remaining_time":3.694740564},
{"learn":[162.6351854],"iteration":121,"passed_time":0.5120023292,"remaining_time":3.684738074},
{"learn":[162.1262641],"iteration":122,"passed_time":0.5155010584,"remaining_time":3.675564457},
{"learn":[161.5630008],"iteration":123,"passed_time":0.5188443855,"remaining_time":3.66538453},
{"learn":[161.0652431],"iteration":124,"passed_time":0.5221150005,"remaining_time":3.654805004},
{"learn":[160.7544472],"iteration":125,"passed_time":0.5264925151,"remaining_time":3.65201951},
{"learn":[160.4106171],"iteration":126,"passed_time":0.530548921,"remaining_time":3.647001638},
{"learn":[160.0937223],"iteration":127,"passed_time":0.5340491613,"remaining_time":3.638209911},
{"learn":[159.8215899],"iteration":128,"passed_time":0.5376865494,"remaining_time":3.630426237},
{"learn":[159.2531739],"iteration":129,"passed_time":0.5414519707,"remaining_time":3.623563188},
{"learn":[158.9781631],"iteration":130,"passed_time":0.5473356114,"remaining_time":3.630798827},
{"learn":[158.6138193],"iteration":131,"passed_time":0.5507992785,"remaining_time":3.621922528},
{"learn":[158.0767277],"iteration":132,"passed_time":0.5539698967,"remaining_time":3.611217296},
{"learn":[157.7339915],"iteration":133,"passed_time":0.5568245502,"remaining_time":3.598582541},
{"learn":[157.3541678],"iteration":134,"passed_time":0.5604570866,"remaining_time":3.591076888},
{"learn":[157.023714],"iteration":135,"passed_time":0.5636798872,"remaining_time":3.581025166},
{"learn":[156.6270185],"iteration":136,"passed_time":0.5665724784,"remaining_time":3.568993058},
{"learn":[156.1812007],"iteration":137,"passed_time":0.5698567287,"remaining_time":3.559539856},
{"learn":[155.8157956],"iteration":138,"passed_time":0.5725591929,"remaining_time":3.546571692},
{"learn":[155.328356],"iteration":139,"passed_time":0.5758856493,"remaining_time":3.537583274},
{"learn":[154.8459846],"iteration":140,"passed_time":0.5787711721,"remaining_time":3.525988913},
{"learn":[154.6205646],"iteration":141,"passed_time":0.5813395749,"remaining_time":3.512601093},
{"learn":[154.2301151],"iteration":142,"passed_time":0.5848087686,"remaining_time":3.50476304},
{"learn":[153.7324013],"iteration":143,"passed_time":0.587357469,"remaining_time":3.491513844},
{"learn":[153.3013872],"iteration":144,"passed_time":0.5903109119,"remaining_time":3.480798825},
{"learn":[152.6745068],"iteration":145,"passed_time":0.5926853374,"remaining_time":3.466803275},
{"learn":[152.2560398],"iteration":146,"passed_time":0.5950684228,"remaining_time":3.453016086},
{"learn":[151.8346995],"iteration":147,"passed_time":0.5980739491,"remaining_time":3.442966247},
{"learn":[151.5531645],"iteration":148,"passed_time":0.6007426055,"remaining_time":3.431086962},
{"learn":[151.2404585],"iteration":149,"passed_time":0.6035820825,"remaining_time":3.420298468},
{"learn":[150.7045391],"iteration":150,"passed_time":0.6060382989,"remaining_time":3.407460369},
{"learn":[150.3027036],"iteration":151,"passed_time":0.6083946456,"remaining_time":3.394201707},
{"learn":[150.025531],"iteration":152,"passed_time":0.6108199037,"remaining_time":3.381467048},
{"learn":[149.7070869],"iteration":153,"passed_time":0.613326386,"remaining_time":3.369312484},
{"learn":[149.0611947],"iteration":154,"passed_time":0.6159266313,"remaining_time":3.357793571},
{"learn":[148.7297682],"iteration":155,"passed_time":0.6182046168,"remaining_time":3.344645491},
{"learn":[148.5094417],"iteration":156,"passed_time":0.6207255792,"remaining_time":3.33294053},
{"learn":[148.2402387],"iteration":157,"passed_time":0.6232539673,"remaining_time":3.321391395},
{"learn":[147.918484],"iteration":158,"passed_time":0.6256738379,"remaining_time":3.309381746},
{"learn":[147.644644],"iteration":159,"passed_time":0.6289756124,"remaining_time":3.302121965},
{"learn":[147.2545903],"iteration":160,"passed_time":0.6319590402,"remaining_time":3.29325239},
{"learn":[147.1019753],"iteration":161,"passed_time":0.6352058069,"remaining_time":3.285817692},
{"learn":[146.7286237],"iteration":162,"passed_time":0.6387175492,"remaining_time":3.279795023},
{"learn":[146.4224959],"iteration":163,"passed_time":0.6422146395,"remaining_time":3.273728284},
{"learn":[146.0813789],"iteration":164,"passed_time":0.6473879267,"remaining_time":3.276175265},
{"learn":[145.7125029],"iteration":165,"passed_time":0.6515244999,"remaining_time":3.273321885},
{"learn":[145.3231952],"iteration":166,"passed_time":0.6547159315,"remaining_time":3.265738748},
{"learn":[144.6553262],"iteration":167,"passed_time":0.6570374215,"remaining_time":3.253899611},
{"learn":[144.4293813],"iteration":168,"passed_time":0.6595019518,"remaining_time":3.242876461},
{"learn":[144.0496987],"iteration":169,"passed_time":0.6619297752,"remaining_time":3.231774785},
{"learn":[143.4566341],"iteration":170,"passed_time":0.6646240626,"remaining_time":3.222066362},
{"learn":[143.1302016],"iteration":171,"passed_time":0.6669190902,"remaining_time":3.210517481},
{"learn":[142.7692875],"iteration":172,"passed_time":0.6693502354,"remaining_time":3.19972627},
{"learn":[142.2745906],"iteration":173,"passed_time":0.6715158143,"remaining_time":3.187770475},
{"learn":[141.9010969],"iteration":174,"passed_time":0.673840184,"remaining_time":3.176675153},
{"learn":[141.4326835],"iteration":175,"passed_time":0.6762669619,"remaining_time":3.166158958},
{"learn":[141.0315153],"iteration":176,"passed_time":0.6798427238,"remaining_time":3.16107662},
{"learn":[140.6605322],"iteration":177,"passed_time":0.6826155316,"remaining_time":3.152303185},
{"learn":[140.3971763],"iteration":178,"passed_time":0.6859624689,"remaining_time":3.146230095},
{"learn":[139.9346435],"iteration":179,"passed_time":0.6892059559,"remaining_time":3.139716021},
{"learn":[139.6296454],"iteration":180,"passed_time":0.6924695131,"remaining_time":3.133328902},
{"learn":[139.2254913],"iteration":181,"passed_time":0.6966455251,"remaining_time":3.13107714},
{"learn":[139.0327078],"iteration":182,"passed_time":0.6999497439,"remaining_time":3.124912245},
{"learn":[138.6807347],"iteration":183,"passed_time":0.7057594496,"remaining_time":3.129889733},
{"learn":[138.4418869],"iteration":184,"passed_time":0.7104322593,"remaining_time":3.129742115},
{"learn":[138.1662274],"iteration":185,"passed_time":0.7141246574,"remaining_time":3.125255221},
{"learn":[137.7357244],"iteration":186,"passed_time":0.7178828898,"remaining_time":3.121063045},
{"learn":[137.4977394],"iteration":187,"passed_time":0.7215319044,"remaining_time":3.116403757},
{"learn":[137.0660557],"iteration":188,"passed_time":0.7246569806,"remaining_time":3.109506938},
{"learn":[136.6217123],"iteration":189,"passed_time":0.7279286036,"remaining_time":3.103274573},
{"learn":[136.4004108],"iteration":190,"passed_time":0.7328447106,"remaining_time":3.104038591},
{"learn":[136.1903458],"iteration":191,"passed_time":0.7359936706,"remaining_time":3.097306697},
{"learn":[135.9333449],"iteration":192,"passed_time":0.7389548053,"remaining_time":3.089826569},
{"learn":[135.4108837],"iteration":193,"passed_time":0.7419813778,"remaining_time":3.082664899},
{"learn":[135.1263172],"iteration":194,"passed_time":0.7461419277,"remaining_time":3.080226932},
{"learn":[134.8533451],"iteration":195,"passed_time":0.7492594424,"remaining_time":3.073492815},
{"learn":[134.3142252],"iteration":196,"passed_time":0.752230429,"remaining_time":3.066198145},
{"learn":[133.9987775],"iteration":197,"passed_time":0.7551109262,"remaining_time":3.05858062},
{"learn":[133.6916281],"iteration":198,"passed_time":0.7587957326,"remaining_time":3.05424815},
{"learn":[133.3804865],"iteration":199,"passed_time":0.762691933,"remaining_time":3.050767732},
{"learn":[132.8873275],"iteration":200,"passed_time":0.7661419769,"remaining_time":3.045509649},
{"learn":[132.5199018],"iteration":201,"passed_time":0.7693800476,"remaining_time":3.039432069},
{"learn":[132.3568307],"iteration":202,"passed_time":0.7724836106,"remaining_time":3.032854373},
{"learn":[131.7930099],"iteration":203,"passed_time":0.7757551895,"remaining_time":3.026966328},
{"learn":[131.5219849],"iteration":204,"passed_time":0.7792070234,"remaining_time":3.021802847},
{"learn":[131.2098566],"iteration":205,"passed_time":0.7826312062,"remaining_time":3.016549406},
{"learn":[130.9088333],"iteration":206,"passed_time":0.7856838277,"remaining_time":3.009890219},
{"learn":[130.4129747],"iteration":207,"passed_time":0.788968213,"remaining_time":3.004148196},
{"learn":[129.8547674],"iteration":208,"passed_time":0.7922257814,"remaining_time":2.998328197},
{"learn":[129.4404997],"iteration":209,"passed_time":0.7955764493,"remaining_time":2.992882833},
{"learn":[128.9363482],"iteration":210,"passed_time":0.798646466,"remaining_time":2.986407875},
{"learn":[128.6678344],"iteration":211,"passed_time":0.8016258964,"remaining_time":2.979628332},
{"learn":[128.3767019],"iteration":212,"passed_time":0.804717665,"remaining_time":2.973299542},
{"learn":[128.2076258],"iteration":213,"passed_time":0.8078114893,"remaining_time":2.967008554},
{"learn":[127.9867467],"iteration":214,"passed_time":0.8112693856,"remaining_time":2.962076594},
{"learn":[127.7575569],"iteration":215,"passed_time":0.8146181631,"remaining_time":2.956762222},
{"learn":[127.3599601],"iteration":216,"passed_time":0.818207779,"remaining_time":2.952334981},
{"learn":[127.295522],"iteration":217,"passed_time":0.8215434491,"remaining_time":2.947004482},
{"learn":[126.9182505],"iteration":218,"passed_time":0.8246926471,"remaining_time":2.941027203},
{"learn":[126.6075195],"iteration":219,"passed_time":0.8286578238,"remaining_time":2.937968648},
{"learn":[126.3462502],"iteration":220,"passed_time":0.8322375002,"remaining_time":2.933543044},
{"learn":[126.0841844],"iteration":221,"passed_time":0.837696739,"remaining_time":2.935711995},
{"learn":[125.6385774],"iteration":222,"passed_time":0.8407746537,"remaining_time":2.929515273},
{"learn":[125.3473148],"iteration":223,"passed_time":0.8445360909,"remaining_time":2.925714315},
{"learn":[125.0454992],"iteration":224,"passed_time":0.847383712,"remaining_time":2.918766119},
{"learn":[124.7558058],"iteration":225,"passed_time":0.8510150592,"remaining_time":2.9145383},
{"learn":[124.5427659],"iteration":226,"passed_time":0.8539801639,"remaining_time":2.90804699},
{"learn":[124.2456361],"iteration":227,"passed_time":0.857031958,"remaining_time":2.901880138},
{"learn":[123.8641074],"iteration":228,"passed_time":0.8604980445,"remaining_time":2.897135338},
{"learn":[123.506445],"iteration":229,"passed_time":0.8635404744,"remaining_time":2.890983327},
{"learn":[123.2880026],"iteration":230,"passed_time":0.8666899467,"remaining_time":2.885214584},
{"learn":[122.8751231],"iteration":231,"passed_time":0.8695880579,"remaining_time":2.878636329},
{"learn":[122.4647121],"iteration":232,"passed_time":0.872622256,"remaining_time":2.872537641},
{"learn":[122.1358623],"iteration":233,"passed_time":0.8757039735,"remaining_time":2.866620699},
{"learn":[121.7783999],"iteration":234,"passed_time":0.8780873873,"remaining_time":2.858454686},
{"learn":[121.4869688],"iteration":235,"passed_time":0.8807904817,"remaining_time":2.851372576},
{"learn":[121.1364423],"iteration":236,"passed_time":0.8840059289,"remaining_time":2.845976893},
{"learn":[120.7394786],"iteration":237,"passed_time":0.8871101047,"remaining_time":2.840243276},
{"learn":[120.4135478],"iteration":238,"passed_time":0.8908039322,"remaining_time":2.836409173},
{"learn":[119.8652327],"iteration":239,"passed_time":0.8935451463,"remaining_time":2.82955963},
{"learn":[119.4370032],"iteration":240,"passed_time":0.8966689569,"remaining_time":2.823949121},
{"learn":[119.0233638],"iteration":241,"passed_time":0.8998125849,"remaining_time":2.818421237},
{"learn":[118.5871316],"iteration":242,"passed_time":0.9029454867,"remaining_time":2.812879561},
{"learn":[118.3967916],"iteration":243,"passed_time":0.9077729024,"remaining_time":2.812607845},
{"learn":[118.1504445],"iteration":244,"passed_time":0.9109772101,"remaining_time":2.807297117},
{"learn":[117.9320702],"iteration":245,"passed_time":0.9137380583,"remaining_time":2.800644293},
{"learn":[117.4736359],"iteration":246,"passed_time":0.9167982179,"remaining_time":2.794935458},
{"learn":[117.2662287],"iteration":247,"passed_time":0.91998998,"remaining_time":2.789647036},
{"learn":[117.0291394],"iteration":248,"passed_time":0.9240786124,"remaining_time":2.787080473},
{"learn":[116.9817034],"iteration":249,"passed_time":0.9279778851,"remaining_time":2.783933655},
{"learn":[116.8384924],"iteration":250,"passed_time":0.9318747731,"remaining_time":2.780773725},
{"learn":[116.2945166],"iteration":251,"passed_time":0.936163369,"remaining_time":2.778770635},
{"learn":[115.8530085],"iteration":252,"passed_time":0.9427763365,"remaining_time":2.783612345},
{"learn":[115.5989125],"iteration":253,"passed_time":0.9467121736,"remaining_time":2.780501108},
{"learn":[115.1121198],"iteration":254,"passed_time":0.9509822866,"remaining_time":2.778360014},
{"learn":[114.7978452],"iteration":255,"passed_time":0.9549022784,"remaining_time":2.775184747},
{"learn":[114.3205729],"iteration":256,"passed_time":0.9581994314,"remaining_time":2.770203025},
{"learn":[113.9129989],"iteration":257,"passed_time":0.9612791374,"remaining_time":2.764608992},
{"learn":[113.5368243],"iteration":258,"passed_time":0.9644754662,"remaining_time":2.759368033},
{"learn":[113.2393783],"iteration":259,"passed_time":0.9672166676,"remaining_time":2.752847439},
{"learn":[113.0484238],"iteration":260,"passed_time":0.9712709671,"remaining_time":2.750073734},
{"learn":[112.6905757],"iteration":261,"passed_time":0.9742689773,"remaining_time":2.744314906},
{"learn":[112.3353782],"iteration":262,"passed_time":0.9771988849,"remaining_time":2.738386229},
{"learn":[112.0676943],"iteration":263,"passed_time":0.9795129332,"remaining_time":2.730763329},
{"learn":[111.6947134],"iteration":264,"passed_time":0.981858725,"remaining_time":2.723268539},
{"learn":[111.2845508],"iteration":265,"passed_time":0.9845756005,"remaining_time":2.716836431},
{"learn":[110.943448],"iteration":266,"passed_time":0.9870805536,"remaining_time":2.709850359},
{"learn":[110.5782168],"iteration":267,"passed_time":0.9894744996,"remaining_time":2.702594529},
{"learn":[110.3093983],"iteration":268,"passed_time":0.9918246581,"remaining_time":2.695255855},
{"learn":[110.1076637],"iteration":269,"passed_time":0.9942920661,"remaining_time":2.688271142},
{"learn":[109.9484302],"iteration":270,"passed_time":0.9967070396,"remaining_time":2.681178715},
{"learn":[109.5364728],"iteration":271,"passed_time":0.9993310216,"remaining_time":2.674680087},
{"learn":[109.203765],"iteration":272,"passed_time":1.002014723,"remaining_time":2.668368877},
{"learn":[108.7353197],"iteration":273,"passed_time":1.004368936,"remaining_time":2.661211123},
{"learn":[108.4082612],"iteration":274,"passed_time":1.006713622,"remaining_time":2.654063184},
{"learn":[108.0765856],"iteration":275,"passed_time":1.009266439,"remaining_time":2.64749602},
{"learn":[107.6868355],"iteration":276,"passed_time":1.01160102,"remaining_time":2.640388222},
{"learn":[107.3790287],"iteration":277,"passed_time":1.01460051,"remaining_time":2.635041612},
{"learn":[107.0787855],"iteration":278,"passed_time":1.017927602,"remaining_time":2.630558428},
{"learn":[106.9752542],"iteration":279,"passed_time":1.02068976,"remaining_time":2.624630811},
{"learn":[106.6000161],"iteration":280,"passed_time":1.022956254,"remaining_time":2.617457461},
{"learn":[106.231621],"iteration":281,"passed_time":1.02549728,"remaining_time":2.611017897},
{"learn":[105.9476332],"iteration":282,"passed_time":1.027889368,"remaining_time":2.60422854},
{"learn":[105.5864639],"iteration":283,"passed_time":1.030609739,"remaining_time":2.598297792},
{"learn":[105.340966],"iteration":284,"passed_time":1.033324048,"remaining_time":2.592374365},
{"learn":[105.1936423],"iteration":285,"passed_time":1.035677816,"remaining_time":2.585573289},
{"learn":[104.8462554],"iteration":286,"passed_time":1.038060124,"remaining_time":2.578874107},
{"learn":[104.5179163],"iteration":287,"passed_time":1.040606701,"remaining_time":2.572611011},
{"learn":[104.2249475],"iteration":288,"passed_time":1.043684867,"remaining_time":2.567681455},
{"learn":[104.0407043],"iteration":289,"passed_time":1.046164819,"remaining_time":2.561300074},
{"learn":[103.8081105],"iteration":290,"passed_time":1.048884516,"remaining_time":2.555529629},
{"learn":[103.551617],"iteration":291,"passed_time":1.051207451,"remaining_time":2.548818065},
{"learn":[103.161997],"iteration":292,"passed_time":1.053528695,"remaining_time":2.54213238},
{"learn":[102.7454072],"iteration":293,"passed_time":1.055962356,"remaining_time":2.535746338},
{"learn":[102.4108068],"iteration":294,"passed_time":1.058472734,"remaining_time":2.529570431},
{"learn":[101.962979],"iteration":295,"passed_time":1.060891684,"remaining_time":2.523201844},
{"learn":[101.7126012],"iteration":296,"passed_time":1.064790352,"remaining_time":2.520362349},
{"learn":[101.3803446],"iteration":297,"passed_time":1.067055745,"remaining_time":2.513668233},
{"learn":[101.1009092],"iteration":298,"passed_time":1.069393217,"remaining_time":2.507172727},
{"learn":[100.6075534],"iteration":299,"passed_time":1.071691395,"remaining_time":2.500613256},
{"learn":[100.4803612],"iteration":300,"passed_time":1.074015921,"remaining_time":2.494143285},
{"learn":[100.1581925],"iteration":301,"passed_time":1.07631414,"remaining_time":2.487639966},
{"learn":[99.82073051],"iteration":302,"passed_time":1.078748727,"remaining_time":2.481478096},
{"learn":[99.53652697],"iteration":303,"passed_time":1.080977139,"remaining_time":2.474868713},
{"learn":[99.23069699],"iteration":304,"passed_time":1.083252493,"remaining_time":2.468395025},
{"learn":[99.18137746],"iteration":305,"passed_time":1.085541811,"remaining_time":2.461980447},
{"learn":[98.89318145],"iteration":306,"passed_time":1.087936724,"remaining_time":2.455831107},
{"learn":[98.81980413],"iteration":307,"passed_time":1.090291968,"remaining_time":2.44961702},
{"learn":[98.53423413],"iteration":308,"passed_time":1.093091778,"remaining_time":2.444422066},
{"learn":[98.18758402],"iteration":309,"passed_time":1.09535132,"remaining_time":2.438040034},
{"learn":[97.86674997],"iteration":310,"passed_time":1.097601726,"remaining_time":2.431664273},
{"learn":[97.58102192],"iteration":311,"passed_time":1.099966039,"remaining_time":2.425566138},
{"learn":[97.2724374],"iteration":312,"passed_time":1.102263948,"remaining_time":2.41934611},
{"learn":[97.03034369],"iteration":313,"passed_time":1.104549346,"remaining_time":2.413123731},
{"learn":[96.70272757],"iteration":314,"passed_time":1.10713972,"remaining_time":2.407589551},
{"learn":[96.60930698],"iteration":315,"passed_time":1.109311319,"remaining_time":2.401167538},
{"learn":[96.27999063],"iteration":316,"passed_time":1.111690311,"remaining_time":2.395219188},
{"learn":[95.89207266],"iteration":317,"passed_time":1.114085433,"remaining_time":2.389327878},
{"learn":[95.86698465],"iteration":318,"passed_time":1.116245166,"remaining_time":2.382955981},
{"learn":[95.7050694],"iteration":319,"passed_time":1.11853296,"remaining_time":2.37688254},
{"learn":[95.42231509],"iteration":320,"passed_time":1.120964533,"remaining_time":2.371136817},
{"learn":[95.12417513],"iteration":321,"passed_time":1.124995759,"remaining_time":2.368779891},
{"learn":[94.81907235],"iteration":322,"passed_time":1.12854121,"remaining_time":2.365394424},
{"learn":[94.49151606],"iteration":323,"passed_time":1.131077339,"remaining_time":2.359902103},
{"learn":[94.24285095],"iteration":324,"passed_time":1.133453972,"remaining_time":2.35409671},
{"learn":[93.92163663],"iteration":325,"passed_time":1.135852912,"remaining_time":2.348358474},
{"learn":[93.69040528],"iteration":326,"passed_time":1.138144288,"remaining_time":2.342419284},
{"learn":[93.52463625],"iteration":327,"passed_time":1.140288543,"remaining_time":2.336200918},
{"learn":[93.23989473],"iteration":328,"passed_time":1.142907311,"remaining_time":2.330975093},
{"learn":[92.93338565],"iteration":329,"passed_time":1.145365431,"remaining_time":2.325438904},
{"learn":[92.91547467],"iteration":330,"passed_time":1.147473449,"remaining_time":2.319213708},
{"learn":[92.62450052],"iteration":331,"passed_time":1.149789063,"remaining_time":2.313431006},
{"learn":[92.42783699],"iteration":332,"passed_time":1.153064013,"remaining_time":2.309590681},
{"learn":[92.21041902],"iteration":333,"passed_time":1.157274309,"remaining_time":2.307618831},
{"learn":[91.88882473],"iteration":334,"passed_time":1.162644854,"remaining_time":2.3079368},
{"learn":[91.62679722],"iteration":335,"passed_time":1.166243171,"remaining_time":2.304718648},
{"learn":[91.24786641],"iteration":336,"passed_time":1.169382676,"remaining_time":2.30059559},
{"learn":[91.1691891],"iteration":337,"passed_time":1.172487708,"remaining_time":2.296410837},
{"learn":[90.93768833],"iteration":338,"passed_time":1.17559545,"remaining_time":2.292237736},
{"learn":[90.71536037],"iteration":339,"passed_time":1.178248625,"remaining_time":2.287188507},
{"learn":[90.555606],"iteration":340,"passed_time":1.181303782,"remaining_time":2.282930182},
{"learn":[90.32993756],"iteration":341,"passed_time":1.184260985,"remaining_time":2.278490432},
{"learn":[90.11496635],"iteration":342,"passed_time":1.187373169,"remaining_time":2.274356187},
{"learn":[89.82028601],"iteration":343,"passed_time":1.190306405,"remaining_time":2.269886633},
{"learn":[89.50703681],"iteration":344,"passed_time":1.192610274,"remaining_time":2.2642311},
{"learn":[89.26804163],"iteration":345,"passed_time":1.195125233,"remaining_time":2.258993937},
{"learn":[89.07659722],"iteration":346,"passed_time":1.19752266,"remaining_time":2.253551288},
{"learn":[88.85243962],"iteration":347,"passed_time":1.199941943,"remaining_time":2.248167089},
{"learn":[88.78106205],"iteration":348,"passed_time":1.202309467,"remaining_time":2.242703332},
{"learn":[88.50507427],"iteration":349,"passed_time":1.204633818,"remaining_time":2.23717709},
{"learn":[88.31025252],"iteration":350,"passed_time":1.206866135,"remaining_time":2.231498923},
{"learn":[88.13118347],"iteration":351,"passed_time":1.209175117,"remaining_time":2.225981465},
{"learn":[87.94834726],"iteration":352,"passed_time":1.211587629,"remaining_time":2.220671943},
{"learn":[87.9018164],"iteration":353,"passed_time":1.213862198,"remaining_time":2.215127061},
{"learn":[87.62019427],"iteration":354,"passed_time":1.216203179,"remaining_time":2.209721269},
{"learn":[87.2933403],"iteration":355,"passed_time":1.21853287,"remaining_time":2.204312271},
{"learn":[87.13432635],"iteration":356,"passed_time":1.221268786,"remaining_time":2.199652183},
{"learn":[86.84281023],"iteration":357,"passed_time":1.223376417,"remaining_time":2.193876144},
{"learn":[86.67223772],"iteration":358,"passed_time":1.225734857,"remaining_time":2.188568365},
{"learn":[86.41085674],"iteration":359,"passed_time":1.22806969,"remaining_time":2.183235004},
{"learn":[86.34915645],"iteration":360,"passed_time":1.230438541,"remaining_time":2.17797847},
{"learn":[86.07739025],"iteration":361,"passed_time":1.232867434,"remaining_time":2.17284371},
{"learn":[85.78785824],"iteration":362,"passed_time":1.235584811,"remaining_time":2.168230095},
{"learn":[85.63634226],"iteration":363,"passed_time":1.238365836,"remaining_time":2.163738109},
{"learn":[85.30735805],"iteration":364,"passed_time":1.241026804,"remaining_time":2.159046632},
{"learn":[85.2156957],"iteration":365,"passed_time":1.243512897,"remaining_time":2.154063324},
{"learn":[84.97149135],"iteration":366,"passed_time":1.245947791,"remaining_time":2.149005318},
{"learn":[84.56429127],"iteration":367,"passed_time":1.248192953,"remaining_time":2.143635724},
{"learn":[84.39280752],"iteration":368,"passed_time":1.251945104,"remaining_time":2.140860055},
{"learn":[84.07724572],"iteration":369,"passed_time":1.254581811,"remaining_time":2.136179841},
{"learn":[83.80045028],"iteration":370,"passed_time":1.257009083,"remaining_time":2.131155561},
{"learn":[83.76130837],"iteration":371,"passed_time":1.259310282,"remaining_time":2.125932412},
{"learn":[83.66962513],"iteration":372,"passed_time":1.261663054,"remaining_time":2.120811621},
{"learn":[83.42038363],"iteration":373,"passed_time":1.263941517,"remaining_time":2.115581256},
{"learn":[83.22675103],"iteration":374,"passed_time":1.26667307,"remaining_time":2.111121783},
{"learn":[82.94640604],"iteration":375,"passed_time":1.26900253,"remaining_time":2.106004198},
{"learn":[82.64075233],"iteration":376,"passed_time":1.271087513,"remaining_time":2.100497403},
{"learn":[82.3289525],"iteration":377,"passed_time":1.27332477,"remaining_time":2.095259278},
{"learn":[82.10725857],"iteration":378,"passed_time":1.275661139,"remaining_time":2.090199386},
{"learn":[82.01727013],"iteration":379,"passed_time":1.277912932,"remaining_time":2.085015836},
{"learn":[81.92251754],"iteration":380,"passed_time":1.280194824,"remaining_time":2.079896578},
{"learn":[81.82145039],"iteration":381,"passed_time":1.282319334,"remaining_time":2.074537562},
{"learn":[81.60108682],"iteration":382,"passed_time":1.28467886,"remaining_time":2.069574039},
{"learn":[81.31547844],"iteration":383,"passed_time":1.287049401,"remaining_time":2.064641747},
{"learn":[81.1849907],"iteration":384,"passed_time":1.289353728,"remaining_time":2.059616994},
{"learn":[80.89954813],"iteration":385,"passed_time":1.291665841,"remaining_time":2.054618722},
{"learn":[80.71915877],"iteration":386,"passed_time":1.294153571,"remaining_time":2.049912504},
{"learn":[80.44024025],"iteration":387,"passed_time":1.297173068,"remaining_time":2.046056488},
{"learn":[80.21608182],"iteration":388,"passed_time":1.299766659,"remaining_time":2.041535807},
{"learn":[80.02328117],"iteration":389,"passed_time":1.302216022,"remaining_time":2.036799419},
{"learn":[79.81382682],"iteration":390,"passed_time":1.30466479,"remaining_time":2.032073803},
{"learn":[79.73229144],"iteration":391,"passed_time":1.307041149,"remaining_time":2.027247496},
{"learn":[79.42730292],"iteration":392,"passed_time":1.309937473,"remaining_time":2.023236759},
{"learn":[79.22964732],"iteration":393,"passed_time":1.312350735,"remaining_time":2.018488695},
{"learn":[79.06116793],"iteration":394,"passed_time":1.314645492,"remaining_time":2.013570943},
{"learn":[78.86200554],"iteration":395,"passed_time":1.316973273,"remaining_time":2.008716811},
{"learn":[78.61586192],"iteration":396,"passed_time":1.319140442,"remaining_time":2.003631452},
{"learn":[78.59221704],"iteration":397,"passed_time":1.321444216,"remaining_time":1.998767383},
{"learn":[78.321708],"iteration":398,"passed_time":1.323931052,"remaining_time":1.994191885},
{"learn":[78.01752363],"iteration":399,"passed_time":1.326277935,"remaining_time":1.989416903},
{"learn":[77.85985769],"iteration":400,"passed_time":1.328597113,"remaining_time":1.984612645},
{"learn":[77.80487243],"iteration":401,"passed_time":1.330947388,"remaining_time":1.979867011},
{"learn":[77.63618957],"iteration":402,"passed_time":1.333400564,"remaining_time":1.975285699},
{"learn":[77.49101395],"iteration":403,"passed_time":1.335734228,"remaining_time":1.970538614},
{"learn":[77.21183966],"iteration":404,"passed_time":1.338186059,"remaining_time":1.96597705},
{"learn":[77.02646787],"iteration":405,"passed_time":1.341131367,"remaining_time":1.962147861},
{"learn":[76.85928251],"iteration":406,"passed_time":1.343414358,"remaining_time":1.95735802},
{"learn":[76.57177609],"iteration":407,"passed_time":1.345709947,"remaining_time":1.952598747},
{"learn":[76.34377671],"iteration":408,"passed_time":1.348084177,"remaining_time":1.947965155},
{"learn":[76.1000363],"iteration":409,"passed_time":1.350417439,"remaining_time":1.943283631},
{"learn":[75.85966563],"iteration":410,"passed_time":1.35281008,"remaining_time":1.93869863},
{"learn":[75.49969722],"iteration":411,"passed_time":1.357208843,"remaining_time":1.936987378},
{"learn":[75.34013596],"iteration":412,"passed_time":1.359579672,"remaining_time":1.932380793},
{"learn":[75.32136993],"iteration":413,"passed_time":1.361853491,"remaining_time":1.927647695},
{"learn":[75.2213346],"iteration":414,"passed_time":1.364219887,"remaining_time":1.92305695},
{"learn":[74.98945595],"iteration":415,"passed_time":1.36626509,"remaining_time":1.918025992},
{"learn":[74.79485644],"iteration":416,"passed_time":1.368589409,"remaining_time":1.913399581},
{"learn":[74.60697965],"iteration":417,"passed_time":1.371165594,"remaining_time":1.90913487},
{"learn":[74.4217012],"iteration":418,"passed_time":1.373853653,"remaining_time":1.905033347},
{"learn":[74.31077823],"iteration":419,"passed_time":1.376759217,"remaining_time":1.901238919},
{"learn":[74.08326672],"iteration":420,"passed_time":1.379676032,"remaining_time":1.897464187},
{"learn":[73.87421883],"iteration":421,"passed_time":1.382625867,"remaining_time":1.893738747},
{"learn":[73.67570251],"iteration":422,"passed_time":1.385537338,"remaining_time":1.889964643},
{"learn":[73.45597895],"iteration":423,"passed_time":1.388112349,"remaining_time":1.885737531},
{"learn":[73.36034228],"iteration":424,"passed_time":1.390768256,"remaining_time":1.881627641},
{"learn":[73.20762293],"iteration":425,"passed_time":1.393411458,"remaining_time":1.877507457},
{"learn":[73.02575657],"iteration":426,"passed_time":1.396180696,"remaining_time":1.873563323},
{"learn":[72.86417076],"iteration":427,"passed_time":1.399189227,"remaining_time":1.869944481},
{"learn":[72.7058155],"iteration":428,"passed_time":1.401852723,"remaining_time":1.865869242},
{"learn":[72.50708707],"iteration":429,"passed_time":1.404522881,"remaining_time":1.8618094},
{"learn":[72.31682368],"iteration":430,"passed_time":1.407149545,"remaining_time":1.857698588},
{"learn":[72.07828221],"iteration":431,"passed_time":1.409888586,"remaining_time":1.8537424},
{"learn":[72.01419507],"iteration":432,"passed_time":1.413152219,"remaining_time":1.850478772},
{"learn":[71.6571659],"iteration":433,"passed_time":1.41588545,"remaining_time":1.846523421},
{"learn":[71.4953218],"iteration":434,"passed_time":1.418380299,"remaining_time":1.842264067},
{"learn":[71.27702435],"iteration":435,"passed_time":1.420793201,"remaining_time":1.837906801},
{"learn":[71.03105147],"iteration":436,"passed_time":1.423164205,"remaining_time":1.833504456},
{"learn":[70.78336361],"iteration":437,"passed_time":1.425597306,"remaining_time":1.829191063},
{"learn":[70.56464715],"iteration":438,"passed_time":1.428302058,"remaining_time":1.825233382},
{"learn":[70.39131669],"iteration":439,"passed_time":1.430624483,"remaining_time":1.820794797},
{"learn":[70.14140761],"iteration":440,"passed_time":1.433006042,"remaining_time":1.816440766},
{"learn":[69.93650244],"iteration":441,"passed_time":1.435513918,"remaining_time":1.812255127},
{"learn":[69.77351993],"iteration":442,"passed_time":1.438131365,"remaining_time":1.808214832},
{"learn":[69.58216235],"iteration":443,"passed_time":1.440923198,"remaining_time":1.80439932},
{"learn":[69.35618182],"iteration":444,"passed_time":1.443590766,"remaining_time":1.800433427},
{"learn":[69.22167215],"iteration":445,"passed_time":1.446508817,"remaining_time":1.796784495},
{"learn":[69.04374991],"iteration":446,"passed_time":1.448882485,"remaining_time":1.792465356},
{"learn":[68.90718631],"iteration":447,"passed_time":1.451383405,"remaining_time":1.788311695},
{"learn":[68.85255187],"iteration":448,"passed_time":1.454151737,"remaining_time":1.784493557},
{"learn":[68.63368476],"iteration":449,"passed_time":1.457241813,"remaining_time":1.781073327},
{"learn":[68.45742399],"iteration":450,"passed_time":1.46190249,"remaining_time":1.779566446},
{"learn":[68.23827943],"iteration":451,"passed_time":1.465347214,"remaining_time":1.7765714},
{"learn":[68.07331166],"iteration":452,"passed_time":1.468758653,"remaining_time":1.77353418},
{"learn":[67.96319867],"iteration":453,"passed_time":1.471712645,"remaining_time":1.769945164},
{"learn":[67.79253741],"iteration":454,"passed_time":1.475340012,"remaining_time":1.767165509},
{"learn":[67.73459796],"iteration":455,"passed_time":1.479362008,"remaining_time":1.764852922},
{"learn":[67.68137614],"iteration":456,"passed_time":1.482275578,"remaining_time":1.76121584},
{"learn":[67.38148313],"iteration":457,"passed_time":1.484965266,"remaining_time":1.757316975},
{"learn":[67.14708606],"iteration":458,"passed_time":1.487553129,"remaining_time":1.753303362},
{"learn":[66.98300703],"iteration":459,"passed_time":1.491916807,"remaining_time":1.751380599},
{"learn":[66.75402279],"iteration":460,"passed_time":1.49479164,"remaining_time":1.747706495},
{"learn":[66.72062378],"iteration":461,"passed_time":1.49736951,"remaining_time":1.743690036},
{"learn":[66.67463006],"iteration":462,"passed_time":1.49970532,"remaining_time":1.739399043},
{"learn":[66.61897087],"iteration":463,"passed_time":1.501757713,"remaining_time":1.734789082},
{"learn":[66.50870033],"iteration":464,"passed_time":1.50452826,"remaining_time":1.731016385},
{"learn":[66.30413992],"iteration":465,"passed_time":1.507005887,"remaining_time":1.726912326},
{"learn":[66.19832287],"iteration":466,"passed_time":1.509969771,"remaining_time":1.72337021},
{"learn":[65.92082444],"iteration":467,"passed_time":1.512369152,"remaining_time":1.719188865},
{"learn":[65.71480913],"iteration":468,"passed_time":1.514752821,"remaining_time":1.71499733},
{"learn":[65.60168186],"iteration":469,"passed_time":1.517088099,"remaining_time":1.71075892},
{"learn":[65.36295703],"iteration":470,"passed_time":1.519533283,"remaining_time":1.706652032},
{"learn":[65.19635571],"iteration":471,"passed_time":1.521823562,"remaining_time":1.7023789},
{"learn":[65.08548888],"iteration":472,"passed_time":1.524009928,"remaining_time":1.697998376},
{"learn":[64.9615153],"iteration":473,"passed_time":1.526339585,"remaining_time":1.693786122},
{"learn":[64.91605196],"iteration":474,"passed_time":1.528653158,"remaining_time":1.689564017},
{"learn":[64.75244427],"iteration":475,"passed_time":1.531011754,"remaining_time":1.685399494},
{"learn":[64.57427539],"iteration":476,"passed_time":1.533737452,"remaining_time":1.681645047},
{"learn":[64.4327757],"iteration":477,"passed_time":1.536265096,"remaining_time":1.677678619},
{"learn":[64.37004632],"iteration":478,"passed_time":1.538707859,"remaining_time":1.673625875},
{"learn":[64.32294562],"iteration":479,"passed_time":1.540903535,"remaining_time":1.669312163},
{"learn":[64.02769525],"iteration":480,"passed_time":1.543302783,"remaining_time":1.665226911},
{"learn":[63.88379163],"iteration":481,"passed_time":1.5456335,"remaining_time":1.661075007},
{"learn":[63.65715757],"iteration":482,"passed_time":1.547990531,"remaining_time":1.656958808},
{"learn":[63.52728408],"iteration":483,"passed_time":1.550575659,"remaining_time":1.653093057},
{"learn":[63.28085357],"iteration":484,"passed_time":1.55275261,"remaining_time":1.648799164},
{"learn":[63.12461493],"iteration":485,"passed_time":1.554965214,"remaining_time":1.644551688},
{"learn":[62.81055321],"iteration":486,"passed_time":1.557343954,"remaining_time":1.640487574},
{"learn":[62.66854413],"iteration":487,"passed_time":1.559703345,"remaining_time":1.636410067},
{"learn":[62.4576024],"iteration":488,"passed_time":1.562118033,"remaining_time":1.632397372},
{"learn":[62.28776853],"iteration":489,"passed_time":1.565946253,"remaining_time":1.629862427},
{"learn":[62.20273978],"iteration":490,"passed_time":1.568315245,"remaining_time":1.62580949},
{"learn":[62.04823461],"iteration":491,"passed_time":1.570472469,"remaining_time":1.621544744},
{"learn":[61.90414771],"iteration":492,"passed_time":1.572822652,"remaining_time":1.617486987},
{"learn":[61.74911894],"iteration":493,"passed_time":1.575087131,"remaining_time":1.613348357},
{"learn":[61.52246364],"iteration":494,"passed_time":1.577352364,"remaining_time":1.609218069},
{"learn":[61.31758642],"iteration":495,"passed_time":1.579740335,"remaining_time":1.605220018},
{"learn":[61.22207542],"iteration":496,"passed_time":1.581923825,"remaining_time":1.601021497},
{"learn":[61.07691486],"iteration":497,"passed_time":1.584309901,"remaining_time":1.597035282},
{"learn":[60.91027791],"iteration":498,"passed_time":1.58657149,"remaining_time":1.592930494},
{"learn":[60.78953301],"iteration":499,"passed_time":1.588864838,"remaining_time":1.588864838},
{"learn":[60.67098727],"iteration":500,"passed_time":1.59121738,"remaining_time":1.584865214},
{"learn":[60.54593838],"iteration":501,"passed_time":1.593572855,"remaining_time":1.580875063},
{"learn":[60.44031635],"iteration":502,"passed_time":1.596012195,"remaining_time":1.576974276},
{"learn":[60.1971851],"iteration":503,"passed_time":1.598220422,"remaining_time":1.572851844},
{"learn":[59.99794198],"iteration":504,"passed_time":1.600661158,"remaining_time":1.568964897},
{"learn":[59.70052237],"iteration":505,"passed_time":1.602973025,"remaining_time":1.564957854},
{"learn":[59.44416694],"iteration":506,"passed_time":1.605362664,"remaining_time":1.561033123},
{"learn":[59.26284832],"iteration":507,"passed_time":1.60766744,"remaining_time":1.557032245},
{"learn":[59.11087521],"iteration":508,"passed_time":1.610475609,"remaining_time":1.553523623},
{"learn":[58.90911742],"iteration":509,"passed_time":1.612663944,"remaining_time":1.54942222},
{"learn":[58.73410144],"iteration":510,"passed_time":1.614959726,"remaining_time":1.545431127},
{"learn":[58.61986758],"iteration":511,"passed_time":1.617253409,"remaining_time":1.541444656},
{"learn":[58.49627733],"iteration":512,"passed_time":1.619575138,"remaining_time":1.537491408},
{"learn":[58.26542841],"iteration":513,"passed_time":1.621923388,"remaining_time":1.533569585},
{"learn":[58.09636172],"iteration":514,"passed_time":1.62438667,"remaining_time":1.529762203},
{"learn":[57.97975368],"iteration":515,"passed_time":1.626493216,"remaining_time":1.525625419},
{"learn":[57.80495043],"iteration":516,"passed_time":1.628762273,"remaining_time":1.521648313},
{"learn":[57.64102409],"iteration":517,"passed_time":1.631108937,"remaining_time":1.517750015},
{"learn":[57.48921185],"iteration":518,"passed_time":1.633792235,"remaining_time":1.514169682},
{"learn":[57.44837316],"iteration":519,"passed_time":1.636063382,"remaining_time":1.510212353},
{"learn":[57.36361913],"iteration":520,"passed_time":1.638437561,"remaining_time":1.506356222},
{"learn":[57.16409021],"iteration":521,"passed_time":1.642088434,"remaining_time":1.503674849},
{"learn":[57.07947271],"iteration":522,"passed_time":1.644502139,"remaining_time":1.499861416},
{"learn":[56.89307034],"iteration":523,"passed_time":1.64691216,"remaining_time":1.496049978},
{"learn":[56.75222828],"iteration":524,"passed_time":1.649293838,"remaining_time":1.492218235},
{"learn":[56.57793619],"iteration":525,"passed_time":1.651641241,"remaining_time":1.488361118},
{"learn":[56.3335239],"iteration":526,"passed_time":1.654056079,"remaining_time":1.484570257},
{"learn":[56.22354571],"iteration":527,"passed_time":1.659656582,"remaining_time":1.483632399},
{"learn":[56.0571615],"iteration":528,"passed_time":1.66199977,"remaining_time":1.479776733},
{"learn":[55.92049743],"iteration":529,"passed_time":1.66458773,"remaining_time":1.476143836},
{"learn":[55.72831032],"iteration":530,"passed_time":1.666802848,"remaining_time":1.472185567},
{"learn":[55.52283258],"iteration":531,"passed_time":1.669083089,"remaining_time":1.468291138},
{"learn":[55.3536786],"iteration":532,"passed_time":1.671591303,"remaining_time":1.464602511},
{"learn":[55.08492803],"iteration":533,"passed_time":1.67541419,"remaining_time":1.462065566},
{"learn":[55.00218031],"iteration":534,"passed_time":1.677786913,"remaining_time":1.458263392},
{"learn":[54.8048442],"iteration":535,"passed_time":1.680366259,"remaining_time":1.454645418},
{"learn":[54.69962319],"iteration":536,"passed_time":1.682499928,"remaining_time":1.450647052},
{"learn":[54.58317693],"iteration":537,"passed_time":1.684690024,"remaining_time":1.446704073},
{"learn":[54.39739174],"iteration":538,"passed_time":1.687063032,"remaining_time":1.44292404},
{"learn":[54.24514761],"iteration":539,"passed_time":1.689983198,"remaining_time":1.439615317},
{"learn":[54.01057431],"iteration":540,"passed_time":1.692359988,"remaining_time":1.435847014},
{"learn":[53.87767325],"iteration":541,"passed_time":1.694655854,"remaining_time":1.432015463},
{"learn":[53.76905454],"iteration":542,"passed_time":1.697194588,"remaining_time":1.428393972},
{"learn":[53.58404525],"iteration":543,"passed_time":1.699257347,"remaining_time":1.424377482},
{"learn":[53.48216529],"iteration":544,"passed_time":1.70160753,"remaining_time":1.420608121},
{"learn":[53.28093812],"iteration":545,"passed_time":1.704061271,"remaining_time":1.416930067},
{"learn":[53.116398],"iteration":546,"passed_time":1.706364387,"remaining_time":1.41313175},
{"learn":[53.00266325],"iteration":547,"passed_time":1.70859929,"remaining_time":1.409282626},
{"learn":[52.87626535],"iteration":548,"passed_time":1.711006162,"remaining_time":1.405580654},
{"learn":[52.67465988],"iteration":549,"passed_time":1.713335171,"remaining_time":1.401819685},
{"learn":[52.47696864],"iteration":550,"passed_time":1.715692923,"remaining_time":1.398087337},
{"learn":[52.33047156],"iteration":551,"passed_time":1.71808498,"remaining_time":1.39438781},
{"learn":[52.17317111],"iteration":552,"passed_time":1.720391445,"remaining_time":1.390623826},
{"learn":[52.09949833],"iteration":553,"passed_time":1.722718245,"remaining_time":1.386881476},
{"learn":[51.98256218],"iteration":554,"passed_time":1.725824883,"remaining_time":1.383769501},
{"learn":[51.87710757],"iteration":555,"passed_time":1.728887558,"remaining_time":1.380622439},
{"learn":[51.7291827],"iteration":556,"passed_time":1.731713505,"remaining_time":1.377287402},
{"learn":[51.58622941],"iteration":557,"passed_time":1.735138694,"remaining_time":1.374428858},
{"learn":[51.44292025],"iteration":558,"passed_time":1.737334737,"remaining_time":1.370598603},
{"learn":[51.33241837],"iteration":559,"passed_time":1.739749113,"remaining_time":1.366945731},
{"learn":[51.22225173],"iteration":560,"passed_time":1.742061301,"remaining_time":1.363217311},
{"learn":[51.13634719],"iteration":561,"passed_time":1.744503619,"remaining_time":1.359595347},
{"learn":[50.97868286],"iteration":562,"passed_time":1.746956604,"remaining_time":1.355985855},
{"learn":[50.85955434],"iteration":563,"passed_time":1.749577868,"remaining_time":1.35251055},
{"learn":[50.74598833],"iteration":564,"passed_time":1.752440372,"remaining_time":1.349224003},
{"learn":[50.62832733],"iteration":565,"passed_time":1.755487374,"remaining_time":1.346080425},
{"learn":[50.45533421],"iteration":566,"passed_time":1.758082809,"remaining_time":1.342592339},
{"learn":[50.37024111],"iteration":567,"passed_time":1.761233841,"remaining_time":1.339529964},
{"learn":[50.27298398],"iteration":568,"passed_time":1.763458572,"remaining_time":1.335765632},
{"learn":[50.16474725],"iteration":569,"passed_time":1.765647595,"remaining_time":1.331979765},
{"learn":[49.98084487],"iteration":570,"passed_time":1.767960328,"remaining_time":1.328292436},
{"learn":[49.9664086],"iteration":571,"passed_time":1.770107593,"remaining_time":1.324486101},
{"learn":[49.95238895],"iteration":572,"passed_time":1.772328388,"remaining_time":1.320740352},
{"learn":[49.7644023],"iteration":573,"passed_time":1.774732206,"remaining_time":1.317135749},
{"learn":[49.6271423],"iteration":574,"passed_time":1.776978236,"remaining_time":1.313418696},
{"learn":[49.50835724],"iteration":575,"passed_time":1.779345153,"remaining_time":1.309795738},
{"learn":[49.4853616],"iteration":576,"passed_time":1.781627828,"remaining_time":1.306115374},
{"learn":[49.34763284],"iteration":577,"passed_time":1.78397203,"remaining_time":1.302484769},
{"learn":[49.24847029],"iteration":578,"passed_time":1.78639141,"remaining_time":1.29891327},
{"learn":[49.06962841],"iteration":579,"passed_time":1.78872366,"remaining_time":1.29528265},
{"learn":[48.92575277],"iteration":580,"passed_time":1.79251156,"remaining_time":1.292706271},
{"learn":[48.89159541],"iteration":581,"passed_time":1.794816362,"remaining_time":1.289060549},
{"learn":[48.7656484],"iteration":582,"passed_time":1.797145233,"remaining_time":1.285436642},
{"learn":[48.56667812],"iteration":583,"passed_time":1.799507712,"remaining_time":1.28184111},
{"learn":[48.4647274],"iteration":584,"passed_time":1.801794097,"remaining_time":1.278195813},
{"learn":[48.3522808],"iteration":585,"passed_time":1.80415029,"remaining_time":1.274604471},
{"learn":[48.23433805],"iteration":586,"passed_time":1.806941771,"remaining_time":1.271323597},
{"learn":[48.16640974],"iteration":587,"passed_time":1.809092319,"remaining_time":1.267595298},
{"learn":[48.04597551],"iteration":588,"passed_time":1.811386319,"remaining_time":1.263972457},
{"learn":[48.02441386],"iteration":589,"passed_time":1.813662326,"remaining_time":1.260341616},
{"learn":[47.86065324],"iteration":590,"passed_time":1.816030893,"remaining_time":1.256779417},
{"learn":[47.63165196],"iteration":591,"passed_time":1.818532011,"remaining_time":1.253312602},
{"learn":[47.49584346],"iteration":592,"passed_time":1.820790203,"remaining_time":1.249682315},
{"learn":[47.37344876],"iteration":593,"passed_time":1.823237765,"remaining_time":1.246186082},
{"learn":[47.20488577],"iteration":594,"passed_time":1.826180588,"remaining_time":1.243030484},
{"learn":[47.09571681],"iteration":595,"passed_time":1.828983358,"remaining_time":1.239780665},
{"learn":[46.92371248],"iteration":596,"passed_time":1.831672052,"remaining_time":1.236455338},
{"learn":[46.71012177],"iteration":597,"passed_time":1.834520488,"remaining_time":1.233239526},
{"learn":[46.51859332],"iteration":598,"passed_time":1.837504885,"remaining_time":1.230115958},
{"learn":[46.37808885],"iteration":599,"passed_time":1.840022495,"remaining_time":1.226681663},
{"learn":[46.30356732],"iteration":600,"passed_time":1.842581736,"remaining_time":1.223278058},
{"learn":[46.13815004],"iteration":601,"passed_time":1.845222191,"remaining_time":1.21993095},
{"learn":[45.95081282],"iteration":602,"passed_time":1.847826525,"remaining_time":1.216562405},
{"learn":[45.85494082],"iteration":603,"passed_time":1.850623819,"remaining_time":1.213322901},
{"learn":[45.74621811],"iteration":604,"passed_time":1.853023645,"remaining_time":1.209825355},
{"learn":[45.69996476],"iteration":605,"passed_time":1.855944576,"remaining_time":1.206670236},
{"learn":[45.58500857],"iteration":606,"passed_time":1.858601446,"remaining_time":1.203344923},
{"learn":[45.53270962],"iteration":607,"passed_time":1.861147865,"remaining_time":1.199950597},
{"learn":[45.44963367],"iteration":608,"passed_time":1.863711303,"remaining_time":1.196569983},
{"learn":[45.37304083],"iteration":609,"passed_time":1.866495114,"remaining_time":1.193332942},
{"learn":[45.25561826],"iteration":610,"passed_time":1.869101062,"remaining_time":1.189984146},
{"learn":[45.05100207],"iteration":611,"passed_time":1.871717363,"remaining_time":1.186644341},
{"learn":[45.00575581],"iteration":612,"passed_time":1.87431584,"remaining_time":1.183295644},
{"learn":[44.93108536],"iteration":613,"passed_time":1.876930066,"remaining_time":1.179959293},
{"learn":[44.8412377],"iteration":614,"passed_time":1.879990048,"remaining_time":1.176904339},
{"learn":[44.74808066],"iteration":615,"passed_time":1.882748008,"remaining_time":1.173661096},
{"learn":[44.71082405],"iteration":616,"passed_time":1.885520966,"remaining_time":1.170428736},
{"learn":[44.59196838],"iteration":617,"passed_time":1.88801371,"remaining_time":1.167024656},
{"learn":[44.47764393],"iteration":618,"passed_time":1.890667649,"remaining_time":1.163722737},
{"learn":[44.41776134],"iteration":619,"passed_time":1.893396859,"remaining_time":1.160469042},
{"learn":[44.2443242],"iteration":620,"passed_time":1.899614436,"remaining_time":1.159346008},
{"learn":[44.18159614],"iteration":621,"passed_time":1.903852386,"remaining_time":1.15700354},
{"learn":[44.06629138],"iteration":622,"passed_time":1.906510403,"remaining_time":1.153698911},
{"learn":[43.97574169],"iteration":623,"passed_time":1.910545045,"remaining_time":1.151225861},
{"learn":[43.93978479],"iteration":624,"passed_time":1.914136733,"remaining_time":1.14848204},
{"learn":[43.82953532],"iteration":625,"passed_time":1.917790174,"remaining_time":1.145772404},
{"learn":[43.69310105],"iteration":626,"passed_time":1.920688843,"remaining_time":1.142610747},
{"learn":[43.67021476],"iteration":627,"passed_time":1.923159407,"remaining_time":1.139196337},
{"learn":[43.60329675],"iteration":628,"passed_time":1.926530056,"remaining_time":1.13631582},
{"learn":[43.44339376],"iteration":629,"passed_time":1.947075667,"remaining_time":1.14352063},
{"learn":[43.36206151],"iteration":630,"passed_time":1.950809936,"remaining_time":1.140806444},
{"learn":[43.17155543],"iteration":631,"passed_time":1.953820139,"remaining_time":1.137667423},
{"learn":[43.08427968],"iteration":632,"passed_time":1.957433012,"remaining_time":1.134878223},
{"learn":[42.98060895],"iteration":633,"passed_time":1.960307018,"remaining_time":1.131659887},
{"learn":[42.93303897],"iteration":634,"passed_time":1.963029084,"remaining_time":1.1283553},
{"learn":[42.85330433],"iteration":635,"passed_time":1.966136022,"remaining_time":1.125272817},
{"learn":[42.66994974],"iteration":636,"passed_time":1.969213314,"remaining_time":1.122173364},
{"learn":[42.57797501],"iteration":637,"passed_time":1.972024521,"remaining_time":1.118923004},
{"learn":[42.52181904],"iteration":638,"passed_time":1.975006704,"remaining_time":1.115770611},
{"learn":[42.49232216],"iteration":639,"passed_time":1.977702121,"remaining_time":1.112457443},
{"learn":[42.42158792],"iteration":640,"passed_time":1.980573323,"remaining_time":1.109244653},
{"learn":[42.30495833],"iteration":641,"passed_time":1.983372382,"remaining_time":1.105992699},
{"learn":[42.17366272],"iteration":642,"passed_time":1.986616614,"remaining_time":1.102989317},
{"learn":[42.04550098],"iteration":643,"passed_time":1.98928612,"remaining_time":1.099667482},
{"learn":[42.01279764],"iteration":644,"passed_time":1.992148511,"remaining_time":1.096453832},
{"learn":[41.91343423],"iteration":645,"passed_time":1.995088813,"remaining_time":1.093283963},
{"learn":[41.86968285],"iteration":646,"passed_time":1.997610406,"remaining_time":1.089886357},
{"learn":[41.85315271],"iteration":647,"passed_time":2.002319954,"remaining_time":1.087679975},
{"learn":[41.73604879],"iteration":648,"passed_time":2.005486855,"remaining_time":1.084631566},
{"learn":[41.53017722],"iteration":649,"passed_time":2.008125743,"remaining_time":1.081298477},
{"learn":[41.46620499],"iteration":650,"passed_time":2.010810727,"remaining_time":1.077992233},
{"learn":[41.38888574],"iteration":651,"passed_time":2.013435016,"remaining_time":1.074655499},
{"learn":[41.36406141],"iteration":652,"passed_time":2.016651524,"remaining_time":1.071635649},
{"learn":[41.23972575],"iteration":653,"passed_time":2.019360681,"remaining_time":1.068346782},
{"learn":[41.0844773],"iteration":654,"passed_time":2.022163747,"remaining_time":1.065109149},
{"learn":[41.01569795],"iteration":655,"passed_time":2.024960036,"remaining_time":1.061869287},
{"learn":[40.9369983],"iteration":656,"passed_time":2.027718335,"remaining_time":1.058610942},
{"learn":[40.84487533],"iteration":657,"passed_time":2.030358369,"remaining_time":1.055292648},
{"learn":[40.70970978],"iteration":658,"passed_time":2.033035857,"remaining_time":1.051995793},
{"learn":[40.6335808],"iteration":659,"passed_time":2.035687389,"remaining_time":1.048687443},
{"learn":[40.6110474],"iteration":660,"passed_time":2.038215898,"remaining_time":1.045317987},
{"learn":[40.53736847],"iteration":661,"passed_time":2.040942027,"remaining_time":1.042051971},
{"learn":[40.44787264],"iteration":662,"passed_time":2.044332135,"remaining_time":1.039125082},
{"learn":[40.40229637],"iteration":663,"passed_time":2.046845087,"remaining_time":1.035752936},
{"learn":[40.31022047],"iteration":664,"passed_time":2.049496014,"remaining_time":1.032452879},
{"learn":[40.18840812],"iteration":665,"passed_time":2.052236803,"remaining_time":1.029199838},
{"learn":[40.14311646],"iteration":666,"passed_time":2.054792336,"remaining_time":1.025855844},
{"learn":[40.06733206],"iteration":667,"passed_time":2.057473444,"remaining_time":1.022576622},
{"learn":[40.04151002],"iteration":668,"passed_time":2.060241978,"remaining_time":1.019342443},
{"learn":[39.89024012],"iteration":669,"passed_time":2.06336111,"remaining_time":1.016282338},
{"learn":[39.79642155],"iteration":670,"passed_time":2.066917419,"remaining_time":1.01343641},
{"learn":[39.71623992],"iteration":671,"passed_time":2.070292645,"remaining_time":1.010499982},
{"learn":[39.64386113],"iteration":672,"passed_time":2.075015148,"remaining_time":1.00821687},
{"learn":[39.5001844],"iteration":673,"passed_time":2.077656941,"remaining_time":1.004920123},
{"learn":[39.33253588],"iteration":674,"passed_time":2.080414027,"remaining_time":1.001680828},
{"learn":[39.17137229],"iteration":675,"passed_time":2.083440917,"remaining_time":0.9985722737},
{"learn":[39.05662946],"iteration":676,"passed_time":2.086777468,"remaining_time":0.9956117018},
{"learn":[38.95887484],"iteration":677,"passed_time":2.090221018,"remaining_time":0.9927008374},
{"learn":[38.88481352],"iteration":678,"passed_time":2.093137287,"remaining_time":0.9895391297},
{"learn":[38.83983942],"iteration":679,"passed_time":2.095752129,"remaining_time":0.9862362958},
{"learn":[38.6888611],"iteration":680,"passed_time":2.098227789,"remaining_time":0.9828702857},
{"learn":[38.60030545],"iteration":681,"passed_time":2.100610379,"remaining_time":0.9794634905},
{"learn":[38.53847467],"iteration":682,"passed_time":2.104801753,"remaining_time":0.9768992032},
{"learn":[38.42582058],"iteration":683,"passed_time":2.107018526,"remaining_time":0.9734179155},
{"learn":[38.3538637],"iteration":684,"passed_time":2.109364255,"remaining_time":0.9699996209},
{"learn":[38.23073815],"iteration":685,"passed_time":2.111798426,"remaining_time":0.9666249354},
{"learn":[38.11059679],"iteration":686,"passed_time":2.114271105,"remaining_time":0.9632705325},
{"learn":[38.04722655],"iteration":687,"passed_time":2.116664119,"remaining_time":0.9598825656},
{"learn":[37.96735629],"iteration":688,"passed_time":2.119074936,"remaining_time":0.9565055228},
{"learn":[37.87461719],"iteration":689,"passed_time":2.121478544,"remaining_time":0.9531280416},
{"learn":[37.74330582],"iteration":690,"passed_time":2.123740896,"remaining_time":0.9496902127},
{"learn":[37.63707175],"iteration":691,"passed_time":2.126147471,"remaining_time":0.9463199726},
{"learn":[37.53421722],"iteration":692,"passed_time":2.128491492,"remaining_time":0.9429248024},
{"learn":[37.39861862],"iteration":693,"passed_time":2.130907298,"remaining_time":0.9395643131},
{"learn":[37.26969471],"iteration":694,"passed_time":2.133197664,"remaining_time":0.9361514929},
{"learn":[37.18298935],"iteration":695,"passed_time":2.135434488,"remaining_time":0.9327185119},
{"learn":[37.0742563],"iteration":696,"passed_time":2.137705938,"remaining_time":0.929304016},
{"learn":[36.99762948],"iteration":697,"passed_time":2.14000264,"remaining_time":0.9259037209},
{"learn":[36.88838774],"iteration":698,"passed_time":2.142385602,"remaining_time":0.9225437284},
{"learn":[36.86855339],"iteration":699,"passed_time":2.144650016,"remaining_time":0.919135721},
{"learn":[36.78933233],"iteration":700,"passed_time":2.147058562,"remaining_time":0.9157924538},
{"learn":[36.74007203],"iteration":701,"passed_time":2.149479575,"remaining_time":0.9124571417},
{"learn":[36.67992607],"iteration":702,"passed_time":2.151914862,"remaining_time":0.9091304608},
{"learn":[36.60212001],"iteration":703,"passed_time":2.154072224,"remaining_time":0.905689458},
{"learn":[36.55887702],"iteration":704,"passed_time":2.156513335,"remaining_time":0.9023708282},
{"learn":[36.47139031],"iteration":705,"passed_time":2.158819574,"remaining_time":0.8989985197},
{"learn":[36.44612439],"iteration":706,"passed_time":2.161211771,"remaining_time":0.89566485},
{"learn":[36.43093401],"iteration":707,"passed_time":2.16354791,"remaining_time":0.8923107199},
{"learn":[36.34006971],"iteration":708,"passed_time":2.165790283,"remaining_time":0.8889209767},
{"learn":[36.25897938],"iteration":709,"passed_time":2.168196742,"remaining_time":0.885601486},
{"learn":[36.24570736],"iteration":710,"passed_time":2.170582916,"remaining_time":0.8822763189},
{"learn":[36.10544686],"iteration":711,"passed_time":2.17295458,"remaining_time":0.8789479198},
{"learn":[35.939711],"iteration":712,"passed_time":2.175305226,"remaining_time":0.8756137444},
{"learn":[35.92853977],"iteration":713,"passed_time":2.177559889,"remaining_time":0.8722438772},
{"learn":[35.82114908],"iteration":714,"passed_time":2.179730028,"remaining_time":0.8688434376},
{"learn":[35.78715584],"iteration":715,"passed_time":2.182352963,"remaining_time":0.8656260358},
{"learn":[35.66637909],"iteration":716,"passed_time":2.184767413,"remaining_time":0.8623280027},
{"learn":[35.63679788],"iteration":717,"passed_time":2.187134408,"remaining_time":0.8590137924},
{"learn":[35.54950045],"iteration":718,"passed_time":2.189605443,"remaining_time":0.8557428784},
{"learn":[35.54103088],"iteration":719,"passed_time":2.191888301,"remaining_time":0.852401006},
{"learn":[35.52303927],"iteration":720,"passed_time":2.194370096,"remaining_time":0.8491390522},
{"learn":[35.35582812],"iteration":721,"passed_time":2.196621322,"remaining_time":0.8457904814},
{"learn":[35.32440593],"iteration":722,"passed_time":2.199060709,"remaining_time":0.842517035},
{"learn":[35.19571835],"iteration":723,"passed_time":2.201311707,"remaining_time":0.8391740762},
{"learn":[35.05341003],"iteration":724,"passed_time":2.203618563,"remaining_time":0.8358553168},
{"learn":[34.94893594],"iteration":725,"passed_time":2.205975216,"remaining_time":0.8325581395},
{"learn":[34.86771845],"iteration":726,"passed_time":2.208723273,"remaining_time":0.8294105275},
{"learn":[34.78963512],"iteration":727,"passed_time":2.211256413,"remaining_time":0.8261837149},
{"learn":[34.64210859],"iteration":728,"passed_time":2.213529028,"remaining_time":0.822861957},
{"learn":[34.51676195],"iteration":729,"passed_time":2.215931919,"remaining_time":0.8195912577},
{"learn":[34.4317203],"iteration":730,"passed_time":2.218233034,"remaining_time":0.8162854805},
{"learn":[34.31189565],"iteration":731,"passed_time":2.220617146,"remaining_time":0.8130128348},
{"learn":[34.18962008],"iteration":732,"passed_time":2.222973676,"remaining_time":0.809732567},
{"learn":[34.11229022],"iteration":733,"passed_time":2.225265482,"remaining_time":0.8064313601},
{"learn":[34.00430391],"iteration":734,"passed_time":2.227637467,"remaining_time":0.8031618079},
{"learn":[33.98521137],"iteration":735,"passed_time":2.230041429,"remaining_time":0.7999061647},
{"learn":[33.85086369],"iteration":736,"passed_time":2.232364139,"remaining_time":0.7966238379},
{"learn":[33.77180011],"iteration":737,"passed_time":2.234686852,"remaining_time":0.7933441127},
{"learn":[33.68808033],"iteration":738,"passed_time":2.236971007,"remaining_time":0.7900533596},
{"learn":[33.56854877],"iteration":739,"passed_time":2.23996997,"remaining_time":0.787016476},
{"learn":[33.47891238],"iteration":740,"passed_time":2.244325153,"remaining_time":0.7844537311},
{"learn":[33.41503321],"iteration":741,"passed_time":2.247143895,"remaining_time":0.7813519205},
{"learn":[33.24957821],"iteration":742,"passed_time":2.25066421,"remaining_time":0.7784935423},
{"learn":[33.15808364],"iteration":743,"passed_time":2.253528138,"remaining_time":0.7754075313},
{"learn":[33.09071387],"iteration":744,"passed_time":2.255993144,"remaining_time":0.7721855727},
{"learn":[32.98862354],"iteration":745,"passed_time":2.258393618,"remaining_time":0.7689436717},
{"learn":[32.89969889],"iteration":746,"passed_time":2.260807062,"remaining_time":0.7657084159},
{"learn":[32.80662435],"iteration":747,"passed_time":2.264080093,"remaining_time":0.762764951},
{"learn":[32.76164652],"iteration":748,"passed_time":2.266279246,"remaining_time":0.7594607353},
{"learn":[32.66344364],"iteration":749,"passed_time":2.268750852,"remaining_time":0.756250284},
{"learn":[32.61117338],"iteration":750,"passed_time":2.271283959,"remaining_time":0.7530621916},
{"learn":[32.56046934],"iteration":751,"passed_time":2.273491502,"remaining_time":0.7497684739},
{"learn":[32.39781758],"iteration":752,"passed_time":2.275840918,"remaining_time":0.746524179},
{"learn":[32.32699963],"iteration":753,"passed_time":2.278222015,"remaining_time":0.7432925937},
{"learn":[32.30402195],"iteration":754,"passed_time":2.280523643,"remaining_time":0.7400374737},
{"learn":[32.22084137],"iteration":755,"passed_time":2.282926125,"remaining_time":0.7368174265},
{"learn":[32.14349526],"iteration":756,"passed_time":2.285935705,"remaining_time":0.7337944206},
{"learn":[32.0142565],"iteration":757,"passed_time":2.28818076,"remaining_time":0.7305273666},
{"learn":[31.97824284],"iteration":758,"passed_time":2.290529603,"remaining_time":0.727295961},
{"learn":[31.86617863],"iteration":759,"passed_time":2.293154563,"remaining_time":0.7241540726},
{"learn":[31.75888167],"iteration":760,"passed_time":2.295571066,"remaining_time":0.7209480748},
{"learn":[31.68299607],"iteration":761,"passed_time":2.297805944,"remaining_time":0.7176874209},
{"learn":[31.62384034],"iteration":762,"passed_time":2.300146913,"remaining_time":0.7144624094},
{"learn":[31.55373466],"iteration":763,"passed_time":2.302333634,"remaining_time":0.7111920651},
{"learn":[31.50201478],"iteration":764,"passed_time":2.30468208,"remaining_time":0.7079742337},
{"learn":[31.47225796],"iteration":765,"passed_time":2.307127171,"remaining_time":0.7047881958},
{"learn":[31.34614495],"iteration":766,"passed_time":2.309173455,"remaining_time":0.7014829401},
{"learn":[31.30658999],"iteration":767,"passed_time":2.311993162,"remaining_time":0.6984146009},
{"learn":[31.29170142],"iteration":768,"passed_time":2.314680537,"remaining_time":0.6953071573},
{"learn":[31.16525547],"iteration":769,"passed_time":2.317640882,"remaining_time":0.6922823414},
{"learn":[31.10243333],"iteration":770,"passed_time":2.320102435,"remaining_time":0.6891095429},
{"learn":[31.00603278],"iteration":771,"passed_time":2.322777525,"remaining_time":0.6860016525},
{"learn":[30.91497692],"iteration":772,"passed_time":2.325146886,"remaining_time":0.6828051009},
{"learn":[30.75984686],"iteration":773,"passed_time":2.327549775,"remaining_time":0.6796204769},
{"learn":[30.65397107],"iteration":774,"passed_time":2.329916359,"remaining_time":0.6764273302},
{"learn":[30.56486564],"iteration":775,"passed_time":2.332116081,"remaining_time":0.673188147},
{"learn":[30.48908501],"iteration":776,"passed_time":2.334439904,"remaining_time":0.6699872568},
{"learn":[30.41376331],"iteration":777,"passed_time":2.336896219,"remaining_time":0.6668264276},
{"learn":[30.30140055],"iteration":778,"passed_time":2.339019136,"remaining_time":0.663572823},
{"learn":[30.21566839],"iteration":779,"passed_time":2.341398235,"remaining_time":0.660394374},
{"learn":[30.15859605],"iteration":780,"passed_time":2.34358165,"remaining_time":0.6571631003},
{"learn":[30.14441969],"iteration":781,"passed_time":2.345914348,"remaining_time":0.6539761225},
{"learn":[30.05527754],"iteration":782,"passed_time":2.348094266,"remaining_time":0.6507489855},
{"learn":[29.96903846],"iteration":783,"passed_time":2.350380425,"remaining_time":0.6475537906},
{"learn":[29.93806589],"iteration":784,"passed_time":2.352751031,"remaining_time":0.6443840404},
{"learn":[29.84173145],"iteration":785,"passed_time":2.354836343,"remaining_time":0.6411386482},
{"learn":[29.80726087],"iteration":786,"passed_time":2.357113829,"remaining_time":0.6379482155},
{"learn":[29.73356902],"iteration":787,"passed_time":2.361488284,"remaining_time":0.6353242591},
{"learn":[29.61796308],"iteration":788,"passed_time":2.364323618,"remaining_time":0.6322842628},
{"learn":[29.5896574],"iteration":789,"passed_time":2.366747371,"remaining_time":0.6291353772},
{"learn":[29.53187878],"iteration":790,"passed_time":2.368993362,"remaining_time":0.6259413562},
{"learn":[29.43754588],"iteration":791,"passed_time":2.37130588,"remaining_time":0.6227672009},
{"learn":[29.33188633],"iteration":792,"passed_time":2.373905308,"remaining_time":0.6196701118},
{"learn":[29.24749177],"iteration":793,"passed_time":2.376215289,"remaining_time":0.6164991807},
{"learn":[29.19653331],"iteration":794,"passed_time":2.378428051,"remaining_time":0.6133053465},
{"learn":[29.17126258],"iteration":795,"passed_time":2.380574391,"remaining_time":0.6100969544},
{"learn":[29.05604355],"iteration":796,"passed_time":2.383080963,"remaining_time":0.6069829804},
{"learn":[28.95752563],"iteration":797,"passed_time":2.385365966,"remaining_time":0.6038144426},
{"learn":[28.85956139],"iteration":798,"passed_time":2.387802675,"remaining_time":0.60068628},
{"learn":[28.76826909],"iteration":799,"passed_time":2.390436651,"remaining_time":0.5976091627},
{"learn":[28.73310027],"iteration":800,"passed_time":2.392660804,"remaining_time":0.5944313359},
{"learn":[28.68425736],"iteration":801,"passed_time":2.395060859,"remaining_time":0.5912993144},
{"learn":[28.61113613],"iteration":802,"passed_time":2.397468674,"remaining_time":0.5881710197},
{"learn":[28.54474246],"iteration":803,"passed_time":2.399677041,"remaining_time":0.5849958956},
{"learn":[28.47976505],"iteration":804,"passed_time":2.402130315,"remaining_time":0.5818824986},
{"learn":[28.42685191],"iteration":805,"passed_time":2.404436487,"remaining_time":0.5787353332},
{"learn":[28.32142308],"iteration":806,"passed_time":2.406923955,"remaining_time":0.57563361},
{"learn":[28.26762034],"iteration":807,"passed_time":2.409233258,"remaining_time":0.5724910713},
{"learn":[28.20747892],"iteration":808,"passed_time":2.411596073,"remaining_time":0.5693632261},
{"learn":[28.13026326],"iteration":809,"passed_time":2.413979657,"remaining_time":0.5662421418},
{"learn":[28.07904511],"iteration":810,"passed_time":2.416640301,"remaining_time":0.5631874437},
{"learn":[28.00808599],"iteration":811,"passed_time":2.419609949,"remaining_time":0.5602052591},
{"learn":[27.89742955],"iteration":812,"passed_time":2.422118296,"remaining_time":0.5571170004},
{"learn":[27.87886672],"iteration":813,"passed_time":2.424344642,"remaining_time":0.5539657291},
{"learn":[27.81044404],"iteration":814,"passed_time":2.426647921,"remaining_time":0.5508341906},
{"learn":[27.75477247],"iteration":815,"passed_time":2.42901005,"remaining_time":0.5477179524},
{"learn":[27.67750881],"iteration":816,"passed_time":2.431322319,"remaining_time":0.5445923921},
{"learn":[27.58930908],"iteration":817,"passed_time":2.434895689,"remaining_time":0.5417494075},
{"learn":[27.52581816],"iteration":818,"passed_time":2.439614011,"remaining_time":0.5391576752},
{"learn":[27.46192496],"iteration":819,"passed_time":2.442086073,"remaining_time":0.5360676746},
{"learn":[27.41284377],"iteration":820,"passed_time":2.444410432,"remaining_time":0.5329469761},
{"learn":[27.3237673],"iteration":821,"passed_time":2.446875454,"remaining_time":0.5298586749},
{"learn":[27.28595928],"iteration":822,"passed_time":2.449116578,"remaining_time":0.5267237355},
{"learn":[27.22077373],"iteration":823,"passed_time":2.451883466,"remaining_time":0.5237032646},
{"learn":[27.1444525],"iteration":824,"passed_time":2.454151226,"remaining_time":0.5205775327},
{"learn":[27.05791832],"iteration":825,"passed_time":2.45653384,"remaining_time":0.5174780728},
{"learn":[27.04466908],"iteration":826,"passed_time":2.458949123,"remaining_time":0.5143871806},
{"learn":[26.96047657],"iteration":827,"passed_time":2.461528591,"remaining_time":0.5113320261},
{"learn":[26.88239454],"iteration":828,"passed_time":2.463794313,"remaining_time":0.5082133022},
{"learn":[26.84202884],"iteration":829,"passed_time":2.46603519,"remaining_time":0.505091545},
{"learn":[26.7955191],"iteration":830,"passed_time":2.468403921,"remaining_time":0.5019979092},
{"learn":[26.7566811],"iteration":831,"passed_time":2.470555769,"remaining_time":0.4988622225},
{"learn":[26.69213384],"iteration":832,"passed_time":2.472982348,"remaining_time":0.4957839761},
{"learn":[26.62920016],"iteration":833,"passed_time":2.475068024,"remaining_time":0.4926394388},
{"learn":[26.60068427],"iteration":834,"passed_time":2.477519071,"remaining_time":0.4895696368},
{"learn":[26.55459614],"iteration":835,"passed_time":2.479945878,"remaining_time":0.4864965598},
{"learn":[26.48752815],"iteration":836,"passed_time":2.482126491,"remaining_time":0.4833770824},
{"learn":[26.43969347],"iteration":837,"passed_time":2.484588754,"remaining_time":0.4803142938},
{"learn":[26.37038251],"iteration":838,"passed_time":2.486810957,"remaining_time":0.4772068702},
{"learn":[26.27440799],"iteration":839,"passed_time":2.489115674,"remaining_time":0.4741172712},
{"learn":[26.19611047],"iteration":840,"passed_time":2.492449998,"remaining_time":0.471224197},
{"learn":[26.10726069],"iteration":841,"passed_time":2.494841531,"remaining_time":0.4681531613},
{"learn":[26.0379395],"iteration":842,"passed_time":2.497103766,"remaining_time":0.4650596575},
{"learn":[25.98237344],"iteration":843,"passed_time":2.499378158,"remaining_time":0.4619703705},
{"learn":[25.93779853],"iteration":844,"passed_time":2.501567204,"remaining_time":0.4588673569},
{"learn":[25.86020365],"iteration":845,"passed_time":2.503962322,"remaining_time":0.455804016},
{"learn":[25.84752059],"iteration":846,"passed_time":2.506305104,"remaining_time":0.4527327992},
{"learn":[25.78370565],"iteration":847,"passed_time":2.508632559,"remaining_time":0.4496605531},
{"learn":[25.68877126],"iteration":848,"passed_time":2.510866663,"remaining_time":0.4465734583},
{"learn":[25.63711258],"iteration":849,"passed_time":2.513101979,"remaining_time":0.4434885845},
{"learn":[25.59377313],"iteration":850,"passed_time":2.515676999,"remaining_time":0.4404651855},
{"learn":[25.54170902],"iteration":851,"passed_time":2.517797722,"remaining_time":0.4373639235},
{"learn":[25.48152498],"iteration":852,"passed_time":2.520751788,"remaining_time":0.4344085731},
{"learn":[25.4425063],"iteration":853,"passed_time":2.523232404,"remaining_time":0.4313722845},
{"learn":[25.36985374],"iteration":854,"passed_time":2.525480949,"remaining_time":0.4282979387},
{"learn":[25.34029308],"iteration":855,"passed_time":2.52783751,"remaining_time":0.4252436933},
{"learn":[25.25621836],"iteration":856,"passed_time":2.530313688,"remaining_time":0.4222110354},
{"learn":[25.20339812],"iteration":857,"passed_time":2.532529484,"remaining_time":0.4191365813},
{"learn":[25.19073226],"iteration":858,"passed_time":2.534712138,"remaining_time":0.4160586861},
{"learn":[25.18441997],"iteration":859,"passed_time":2.536818895,"remaining_time":0.4129705178},
{"learn":[25.11542944],"iteration":860,"passed_time":2.539139454,"remaining_time":0.4099191453},
{"learn":[25.04302049],"iteration":861,"passed_time":2.541520694,"remaining_time":0.4068791831},
{"learn":[25.03611647],"iteration":862,"passed_time":2.543766107,"remaining_time":0.4038191851},
{"learn":[24.97274304],"iteration":863,"passed_time":2.546245032,"remaining_time":0.4007978292},
{"learn":[24.94561606],"iteration":864,"passed_time":2.548317029,"remaining_time":0.3977142184},
{"learn":[24.8865344],"iteration":865,"passed_time":2.550501096,"remaining_time":0.394650285},
{"learn":[24.82427279],"iteration":866,"passed_time":2.552847303,"remaining_time":0.3916132541},
{"learn":[24.76445485],"iteration":867,"passed_time":2.555245174,"remaining_time":0.3885856716},
{"learn":[24.72156912],"iteration":868,"passed_time":2.558022048,"remaining_time":0.3856166723},
{"learn":[24.68352617],"iteration":869,"passed_time":2.560886627,"remaining_time":0.3826612202},
{"learn":[24.5975797],"iteration":870,"passed_time":2.564744834,"remaining_time":0.3798531385},
{"learn":[24.52958926],"iteration":871,"passed_time":2.566977429,"remaining_time":0.3768040263},
{"learn":[24.52044989],"iteration":872,"passed_time":2.569654806,"remaining_time":0.3738214896},
{"learn":[24.46563378],"iteration":873,"passed_time":2.571854023,"remaining_time":0.3707707173},
{"learn":[24.42821296],"iteration":874,"passed_time":2.574215261,"remaining_time":0.3677450373},
{"learn":[24.38711685],"iteration":875,"passed_time":2.576984866,"remaining_time":0.3647786797},
{"learn":[24.32000263],"iteration":876,"passed_time":2.58012703,"remaining_time":0.3618650225},
{"learn":[24.27312441],"iteration":877,"passed_time":2.582717237,"remaining_time":0.358874149},
{"learn":[24.22956158],"iteration":878,"passed_time":2.585200846,"remaining_time":0.3558695135},
{"learn":[24.15600724],"iteration":879,"passed_time":2.587531404,"remaining_time":0.3528451914},
{"learn":[24.08476655],"iteration":880,"passed_time":2.589794285,"remaining_time":0.349813303},
{"learn":[24.02072051],"iteration":881,"passed_time":2.592888159,"remaining_time":0.3468943342},
{"learn":[23.97975349],"iteration":882,"passed_time":2.595172756,"remaining_time":0.3438677378},
{"learn":[23.92684092],"iteration":883,"passed_time":2.597410302,"remaining_time":0.3408366459},
{"learn":[23.84895443],"iteration":884,"passed_time":2.599860986,"remaining_time":0.3378350434},
{"learn":[23.8198874],"iteration":885,"passed_time":2.602210868,"remaining_time":0.3348217144},
{"learn":[23.7672042],"iteration":886,"passed_time":2.60451509,"remaining_time":0.3318040645},
{"learn":[23.71147981],"iteration":887,"passed_time":2.607397573,"remaining_time":0.3288609552},
{"learn":[23.62358157],"iteration":888,"passed_time":2.610843059,"remaining_time":0.3259882784},
{"learn":[23.53058574],"iteration":889,"passed_time":2.613175355,"remaining_time":0.3229767293},
{"learn":[23.52001694],"iteration":890,"passed_time":2.615421179,"remaining_time":0.3199561262},
{"learn":[23.50697949],"iteration":891,"passed_time":2.617674399,"remaining_time":0.3169381559},
{"learn":[23.42173814],"iteration":892,"passed_time":2.620078027,"remaining_time":0.3139399203},
{"learn":[23.36841856],"iteration":893,"passed_time":2.622414848,"remaining_time":0.3109350938},
{"learn":[23.2847704],"iteration":894,"passed_time":2.626659354,"remaining_time":0.3081555667},
{"learn":[23.2743403],"iteration":895,"passed_time":2.629000737,"remaining_time":0.3051518713},
{"learn":[23.18769868],"iteration":896,"passed_time":2.631355034,"remaining_time":0.3021511355},
{"learn":[23.08308398],"iteration":897,"passed_time":2.633717854,"remaining_time":0.2991528074},
{"learn":[23.0325922],"iteration":898,"passed_time":2.636019822,"remaining_time":0.2961490568},
{"learn":[23.00247912],"iteration":899,"passed_time":2.638400092,"remaining_time":0.2931555657},
{"learn":[22.93502518],"iteration":900,"passed_time":2.640747171,"remaining_time":0.2901597891},
{"learn":[22.87217845],"iteration":901,"passed_time":2.642831228,"remaining_time":0.287136874},
{"learn":[22.81532136],"iteration":902,"passed_time":2.645158805,"remaining_time":0.2841421972},
{"learn":[22.74854726],"iteration":903,"passed_time":2.647509743,"remaining_time":0.2811514771},
{"learn":[22.74398123],"iteration":904,"passed_time":2.649778903,"remaining_time":0.2781535865},
{"learn":[22.67545537],"iteration":905,"passed_time":2.652218203,"remaining_time":0.275174957},
{"learn":[22.62805015],"iteration":906,"passed_time":2.65528186,"remaining_time":0.2722615358},
{"learn":[22.58171142],"iteration":907,"passed_time":2.657720457,"remaining_time":0.2692844516},
{"learn":[22.53112057],"iteration":908,"passed_time":2.659890142,"remaining_time":0.2662816314},
{"learn":[22.48292922],"iteration":909,"passed_time":2.662342212,"remaining_time":0.2633085705},
{"learn":[22.42631271],"iteration":910,"passed_time":2.664952669,"remaining_time":0.2603521268},
{"learn":[22.38621391],"iteration":911,"passed_time":2.667063535,"remaining_time":0.2573482358},
{"learn":[22.31737659],"iteration":912,"passed_time":2.669711357,"remaining_time":0.2543974678},
{"learn":[22.29722103],"iteration":913,"passed_time":2.672043433,"remaining_time":0.2514176534},
{"learn":[22.22485415],"iteration":914,"passed_time":2.674464664,"remaining_time":0.2484475371},
{"learn":[22.18610088],"iteration":915,"passed_time":2.676687556,"remaining_time":0.2454604309},
{"learn":[22.13409787],"iteration":916,"passed_time":2.679545653,"remaining_time":0.2425324855},
{"learn":[22.09137826],"iteration":917,"passed_time":2.68222354,"remaining_time":0.2395885951},
{"learn":[22.05362769],"iteration":918,"passed_time":2.684905937,"remaining_time":0.2366456811},
{"learn":[22.03954809],"iteration":919,"passed_time":2.68741086,"remaining_time":0.2336879008},
{"learn":[21.95760374],"iteration":920,"passed_time":2.689728057,"remaining_time":0.2307150016},
{"learn":[21.89446909],"iteration":921,"passed_time":2.691934594,"remaining_time":0.227734163},
{"learn":[21.84438899],"iteration":922,"passed_time":2.694166721,"remaining_time":0.2247571371},
{"learn":[21.75066751],"iteration":923,"passed_time":2.696419587,"remaining_time":0.2217834292},
{"learn":[21.65794386],"iteration":924,"passed_time":2.698714772,"remaining_time":0.2188147112},
{"learn":[21.65211877],"iteration":925,"passed_time":2.701693946,"remaining_time":0.215902108},
{"learn":[21.56199483],"iteration":926,"passed_time":2.704217588,"remaining_time":0.2129534886},
{"learn":[21.55361558],"iteration":927,"passed_time":2.706505635,"remaining_time":0.2099875061},
{"learn":[21.52541001],"iteration":928,"passed_time":2.709580603,"remaining_time":0.2070831247},
{"learn":[21.52096912],"iteration":929,"passed_time":2.712099163,"remaining_time":0.2041364961},
{"learn":[21.46508613],"iteration":930,"passed_time":2.714264583,"remaining_time":0.2011646146},
{"learn":[21.39753689],"iteration":931,"passed_time":2.716485431,"remaining_time":0.1981985079},
{"learn":[21.31786982],"iteration":932,"passed_time":2.718795657,"remaining_time":0.195240417},
{"learn":[21.27964981],"iteration":933,"passed_time":2.721361784,"remaining_time":0.1923017963},
{"learn":[21.25572132],"iteration":934,"passed_time":2.723670341,"remaining_time":0.1893460665},
{"learn":[21.20413454],"iteration":935,"passed_time":2.725763979,"remaining_time":0.1863770242},
{"learn":[21.19872413],"iteration":936,"passed_time":2.729258629,"remaining_time":0.1835040487},
{"learn":[21.15993553],"iteration":937,"passed_time":2.73191456,"remaining_time":0.18057431},
{"learn":[21.11892781],"iteration":938,"passed_time":2.734176577,"remaining_time":0.1776195647},
{"learn":[21.06637541],"iteration":939,"passed_time":2.736712512,"remaining_time":0.1746837774},
{"learn":[21.03114825],"iteration":940,"passed_time":2.740615781,"remaining_time":0.1718345708},
{"learn":[21.01450818],"iteration":941,"passed_time":2.742898329,"remaining_time":0.1688833366},
{"learn":[20.98497556],"iteration":942,"passed_time":2.745367537,"remaining_time":0.1659448034},
{"learn":[20.94157806],"iteration":943,"passed_time":2.747597001,"remaining_time":0.1629930425},
{"learn":[20.87565641],"iteration":944,"passed_time":2.749881469,"remaining_time":0.1600460114},
{"learn":[20.85413395],"iteration":945,"passed_time":2.753176323,"remaining_time":0.1571580565},
{"learn":[20.78521086],"iteration":946,"passed_time":2.755263109,"remaining_time":0.1542016312},
{"learn":[20.75953807],"iteration":947,"passed_time":2.757548919,"remaining_time":0.1512579576},
{"learn":[20.69985799],"iteration":948,"passed_time":2.759973084,"remaining_time":0.1483231057},
{"learn":[20.69166129],"iteration":949,"passed_time":2.762151327,"remaining_time":0.1453763856},
{"learn":[20.63893893],"iteration":950,"passed_time":2.764317962,"remaining_time":0.1424306836},
{"learn":[20.58084376],"iteration":951,"passed_time":2.766714612,"remaining_time":0.1394982157},
{"learn":[20.50171155],"iteration":952,"passed_time":2.769837369,"remaining_time":0.1366026824},
{"learn":[20.45790994],"iteration":953,"passed_time":2.772195478,"remaining_time":0.1336698029},
{"learn":[20.39401813],"iteration":954,"passed_time":2.774565099,"remaining_time":0.1307386696},
{"learn":[20.34285925],"iteration":955,"passed_time":2.776938452,"remaining_time":0.1278088827},
{"learn":[20.31446804],"iteration":956,"passed_time":2.779010001,"remaining_time":0.1248666981},
{"learn":[20.25291127],"iteration":957,"passed_time":2.781382887,"remaining_time":0.121939542},
{"learn":[20.17162995],"iteration":958,"passed_time":2.784755857,"remaining_time":0.1190562984},
{"learn":[20.13757141],"iteration":959,"passed_time":2.787082774,"remaining_time":0.1161284489},
{"learn":[20.09525839],"iteration":960,"passed_time":2.789465747,"remaining_time":0.113204125},
{"learn":[20.04984899],"iteration":961,"passed_time":2.791868523,"remaining_time":0.1102817088},
{"learn":[20.00289443],"iteration":962,"passed_time":2.794016917,"remaining_time":0.1073505981},
{"learn":[19.94721319],"iteration":963,"passed_time":2.796318925,"remaining_time":0.1044268478},
{"learn":[19.89242498],"iteration":964,"passed_time":2.798941224,"remaining_time":0.1015160029},
{"learn":[19.85690519],"iteration":965,"passed_time":2.801125862,"remaining_time":0.09859035125},
{"learn":[19.81328585],"iteration":966,"passed_time":2.803440417,"remaining_time":0.09567066574},
{"learn":[19.7680257],"iteration":967,"passed_time":2.805745867,"remaining_time":0.09275192947},
{"learn":[19.75057177],"iteration":968,"passed_time":2.808115584,"remaining_time":0.08983651508},
{"learn":[19.70179921],"iteration":969,"passed_time":2.810508023,"remaining_time":0.08692292855},
{"learn":[19.67177628],"iteration":970,"passed_time":2.813343647,"remaining_time":0.08402365165},
{"learn":[19.6482479],"iteration":971,"passed_time":2.815693447,"remaining_time":0.08111051082},
{"learn":[19.63009241],"iteration":972,"passed_time":2.817803187,"remaining_time":0.07819186644},
{"learn":[19.56584087],"iteration":973,"passed_time":2.820098939,"remaining_time":0.07527984847},
{"learn":[19.5463913],"iteration":974,"passed_time":2.822523504,"remaining_time":0.07237239755},
{"learn":[19.50798474],"iteration":975,"passed_time":2.824884754,"remaining_time":0.06946437919},
{"learn":[19.48388563],"iteration":976,"passed_time":2.827898552,"remaining_time":0.06657284207},
{"learn":[19.46304445],"iteration":977,"passed_time":2.830717124,"remaining_time":0.06367666331},
{"learn":[19.45683621],"iteration":978,"passed_time":2.83281369,"remaining_time":0.06076515577},
{"learn":[19.39798408],"iteration":979,"passed_time":2.835096444,"remaining_time":0.05785911111},
{"learn":[19.35237857],"iteration":980,"passed_time":2.837382136,"remaining_time":0.05495439407},
{"learn":[19.26707699],"iteration":981,"passed_time":2.839666196,"remaining_time":0.05205090786},
{"learn":[19.23655365],"iteration":982,"passed_time":2.841983086,"remaining_time":0.0491492497},
{"learn":[19.1914311],"iteration":983,"passed_time":2.844277185,"remaining_time":0.04624840952},
{"learn":[19.1327315],"iteration":984,"passed_time":2.84777257,"remaining_time":0.04336709498},
{"learn":[19.11641401],"iteration":985,"passed_time":2.851255763,"remaining_time":0.04048436175},
{"learn":[19.09957731],"iteration":986,"passed_time":2.854426225,"remaining_time":0.03759629273},
{"learn":[19.04733509],"iteration":987,"passed_time":2.856882736,"remaining_time":0.0346989806},
{"learn":[19.00020437],"iteration":988,"passed_time":2.859228742,"remaining_time":0.0318013308},
{"learn":[18.9314722],"iteration":989,"passed_time":2.862744334,"remaining_time":0.02891660944},
{"learn":[18.92242695],"iteration":990,"passed_time":2.86620755,"remaining_time":0.02603013921},
{"learn":[18.88043663],"iteration":991,"passed_time":2.86989247,"remaining_time":0.02314429411},
{"learn":[18.8424522],"iteration":992,"passed_time":2.872783636,"remaining_time":0.02025124416},
{"learn":[18.80267404],"iteration":993,"passed_time":2.876073404,"remaining_time":0.01736060405},
{"learn":[18.74800852],"iteration":994,"passed_time":2.879528426,"remaining_time":0.01446999209},
{"learn":[18.70427917],"iteration":995,"passed_time":2.882210967,"remaining_time":0.01157514445},
{"learn":[18.66358633],"iteration":996,"passed_time":2.885115924,"remaining_time":0.008681391947},
{"learn":[18.61351323],"iteration":997,"passed_time":2.887951931,"remaining_time":0.005787478819},
{"learn":[18.56580054],"iteration":998,"passed_time":2.891093159,"remaining_time":0.002893987146},
{"learn":[18.55540673],"iteration":999,"passed_time":2.894343778,"remaining_time":0}
]}