cname,Feature,Importance
4,COTTON PRODUCTION (1000 tons),20.31174608
2,Unique_Ref_Key,15.71904579
0,State Name,15.55925397
3,COTTON AREA (1000 ha),3.850617884
87,PERMANENT PASTURES AREA (1000 ha),3.217415459
79,OCTOBER POTENTIAL (Millimeters),2.293477371
35,FEBRUARY MAXIMUM (Centigrate),2.264579646
8,JANUARY PERCIPITATION (Millimeters),1.566565444
5,Soil_Type1,1.469821849
82,TOTAL AREA (1000 ha),1.393604089
20,Annual_Normal_RF(mm),1.206084342
63,JUNE ACTUAL (Millimeters),1.020160476
80,NOVEMBER POTENTIAL (Millimeters),0.9886929
23,FEBRUARY MINIMUM (Centigrate),0.97339383
44,NOVEMBER MAXIMUM (Centigrate),0.955036255
12,MAY PERCIPITATION (Millimeters),0.888546972
89,CURRENT FALLOW AREA (1000 ha),0.815292662
25,APRIL MINIMUM (Centigrate),0.801934069
34,JANUARY MAXIMUM (Centigrate),0.758679595
84,BARREN AND UNCULTIVABLE LAND AREA (1000 ha),0.748544788
